// Code generated by tools/fontbake. DO NOT EDIT.
//
// DotGothic16 を 16×16 のビットマップへ焼いたもの（#285）。焼き方・収録範囲・
// 副画素オフセットを選ぶ理由は tools/fontbake/main.go の冒頭にある。
//
// 元データ:
//
//	https://raw.githubusercontent.com/fontworks-fonts/DotGothic16/Version1.101/fonts/ttf/DotGothic16-Regular.ttf
//	SHA-256 155da8f318553c11d9dffc2affbc7c2114c6a46f9740bcf639ed5568af92be71
//	unitsPerEm 1000
//
// ライセンス: SIL Open Font License 1.1。
// Copyright 2020 The DotGothic16 Project Authors。
// 全文と著作権表示は third_party/dotgothic16/ にある（OFL の再配布条件）。
//
// 焼いた結果: 692 グリフ / 副画素オフセット ox=2/8 oy=3/8 /
// 曖昧なドット 13532 個 / ascent 14 ドット。
package jpfont

const (
	cellWidth  = 16
	cellHeight = 16

	// ascentPx は升目の上端からベースラインまでのドット数。
	ascentPx  = 14
	descentPx = cellHeight - ascentPx

	capHeightPx = 13
	xHeightPx   = 9
)

// runeList は収録した符号位置。**昇順**で、glyphBits / advances と添字が対応する。
var runeList = [...]rune{
	0x0020, 0x0021, 0x0022, 0x0023, 0x0024, 0x0025, 0x0026, 0x0027,
	0x0028, 0x0029, 0x002a, 0x002b, 0x002c, 0x002d, 0x002e, 0x002f,
	0x0030, 0x0031, 0x0032, 0x0033, 0x0034, 0x0035, 0x0036, 0x0037,
	0x0038, 0x0039, 0x003a, 0x003b, 0x003c, 0x003d, 0x003e, 0x003f,
	0x0040, 0x0041, 0x0042, 0x0043, 0x0044, 0x0045, 0x0046, 0x0047,
	0x0048, 0x0049, 0x004a, 0x004b, 0x004c, 0x004d, 0x004e, 0x004f,
	0x0050, 0x0051, 0x0052, 0x0053, 0x0054, 0x0055, 0x0056, 0x0057,
	0x0058, 0x0059, 0x005a, 0x005b, 0x005c, 0x005d, 0x005e, 0x005f,
	0x0060, 0x0061, 0x0062, 0x0063, 0x0064, 0x0065, 0x0066, 0x0067,
	0x0068, 0x0069, 0x006a, 0x006b, 0x006c, 0x006d, 0x006e, 0x006f,
	0x0070, 0x0071, 0x0072, 0x0073, 0x0074, 0x0075, 0x0076, 0x0077,
	0x0078, 0x0079, 0x007a, 0x007b, 0x007c, 0x007d, 0x007e, 0x00a7,
	0x00a8, 0x00b0, 0x00b1, 0x00b4, 0x00b6, 0x00d7, 0x00f7, 0x02bb,
	0x02bc, 0x02cb, 0x0300, 0x0332, 0x0391, 0x0392, 0x0393, 0x0394,
	0x0395, 0x0396, 0x0397, 0x0398, 0x0399, 0x039a, 0x039b, 0x039c,
	0x039d, 0x039e, 0x039f, 0x03a0, 0x03a1, 0x03a3, 0x03a4, 0x03a5,
	0x03a6, 0x03a7, 0x03a8, 0x03a9, 0x03b1, 0x03b2, 0x03b3, 0x03b4,
	0x03b5, 0x03b6, 0x03b7, 0x03b8, 0x03b9, 0x03ba, 0x03bb, 0x03bc,
	0x03bd, 0x03be, 0x03bf, 0x03c0, 0x03c1, 0x03c3, 0x03c4, 0x03c5,
	0x03c6, 0x03c7, 0x03c8, 0x03c9, 0x0401, 0x0410, 0x0411, 0x0412,
	0x0413, 0x0414, 0x0415, 0x0416, 0x0417, 0x0418, 0x0419, 0x041a,
	0x041b, 0x041c, 0x041d, 0x041e, 0x041f, 0x0420, 0x0421, 0x0422,
	0x0423, 0x0424, 0x0425, 0x0426, 0x0427, 0x0428, 0x0429, 0x042a,
	0x042b, 0x042c, 0x042d, 0x042e, 0x042f, 0x0430, 0x0431, 0x0432,
	0x0433, 0x0434, 0x0435, 0x0436, 0x0437, 0x0438, 0x0439, 0x043a,
	0x043b, 0x043c, 0x043d, 0x043e, 0x043f, 0x0440, 0x0441, 0x0442,
	0x0443, 0x0444, 0x0445, 0x0446, 0x0447, 0x0448, 0x0449, 0x044a,
	0x044b, 0x044c, 0x044d, 0x044e, 0x044f, 0x0451, 0x2003, 0x2010,
	0x2011, 0x2015, 0x2018, 0x2019, 0x201c, 0x201d, 0x2020, 0x2021,
	0x2025, 0x2026, 0x2030, 0x2032, 0x2033, 0x203b, 0x2103, 0x212b,
	0x2190, 0x2191, 0x2192, 0x2193, 0x21d2, 0x21d4, 0x2200, 0x2202,
	0x2203, 0x2207, 0x2208, 0x220b, 0x221a, 0x221d, 0x221e, 0x2220,
	0x2227, 0x2228, 0x2229, 0x222a, 0x222b, 0x222c, 0x2234, 0x2235,
	0x223c, 0x223d, 0x2252, 0x2260, 0x2261, 0x2266, 0x2267, 0x226a,
	0x226b, 0x2282, 0x2283, 0x2286, 0x2287, 0x22a5, 0x2312, 0x2329,
	0x232a, 0x2500, 0x2501, 0x2502, 0x2503, 0x250c, 0x250f, 0x2510,
	0x2513, 0x2514, 0x2517, 0x2518, 0x251b, 0x251c, 0x251d, 0x2520,
	0x2523, 0x2524, 0x2525, 0x2528, 0x252b, 0x252c, 0x252f, 0x2530,
	0x2533, 0x2534, 0x2537, 0x2538, 0x253b, 0x253c, 0x253f, 0x2542,
	0x254b, 0x25a0, 0x25a1, 0x25b2, 0x25b3, 0x25bc, 0x25bd, 0x25c6,
	0x25c7, 0x25cb, 0x25ce, 0x25cf, 0x25ef, 0x2605, 0x2606, 0x2640,
	0x2642, 0x266a, 0x266d, 0x266f, 0x3000, 0x3001, 0x3002, 0x3003,
	0x3005, 0x3006, 0x3007, 0x3008, 0x3009, 0x300a, 0x300b, 0x300c,
	0x300d, 0x300e, 0x300f, 0x3010, 0x3011, 0x3012, 0x3013, 0x3014,
	0x3015, 0x301c, 0x3041, 0x3042, 0x3043, 0x3044, 0x3045, 0x3046,
	0x3047, 0x3048, 0x3049, 0x304a, 0x304b, 0x304c, 0x304d, 0x304e,
	0x304f, 0x3050, 0x3051, 0x3052, 0x3053, 0x3054, 0x3055, 0x3056,
	0x3057, 0x3058, 0x3059, 0x305a, 0x305b, 0x305c, 0x305d, 0x305e,
	0x305f, 0x3060, 0x3061, 0x3062, 0x3063, 0x3064, 0x3065, 0x3066,
	0x3067, 0x3068, 0x3069, 0x306a, 0x306b, 0x306c, 0x306d, 0x306e,
	0x306f, 0x3070, 0x3071, 0x3072, 0x3073, 0x3074, 0x3075, 0x3076,
	0x3077, 0x3078, 0x3079, 0x307a, 0x307b, 0x307c, 0x307d, 0x307e,
	0x307f, 0x3080, 0x3081, 0x3082, 0x3083, 0x3084, 0x3085, 0x3086,
	0x3087, 0x3088, 0x3089, 0x308a, 0x308b, 0x308c, 0x308d, 0x308e,
	0x308f, 0x3090, 0x3091, 0x3092, 0x3093, 0x309b, 0x309c, 0x309d,
	0x309e, 0x30a1, 0x30a2, 0x30a3, 0x30a4, 0x30a5, 0x30a6, 0x30a7,
	0x30a8, 0x30a9, 0x30aa, 0x30ab, 0x30ac, 0x30ad, 0x30ae, 0x30af,
	0x30b0, 0x30b1, 0x30b2, 0x30b3, 0x30b4, 0x30b5, 0x30b6, 0x30b7,
	0x30b8, 0x30b9, 0x30ba, 0x30bb, 0x30bc, 0x30bd, 0x30be, 0x30bf,
	0x30c0, 0x30c1, 0x30c2, 0x30c3, 0x30c4, 0x30c5, 0x30c6, 0x30c7,
	0x30c8, 0x30c9, 0x30ca, 0x30cb, 0x30cc, 0x30cd, 0x30ce, 0x30cf,
	0x30d0, 0x30d1, 0x30d2, 0x30d3, 0x30d4, 0x30d5, 0x30d6, 0x30d7,
	0x30d8, 0x30d9, 0x30da, 0x30db, 0x30dc, 0x30dd, 0x30de, 0x30df,
	0x30e0, 0x30e1, 0x30e2, 0x30e3, 0x30e4, 0x30e5, 0x30e6, 0x30e7,
	0x30e8, 0x30e9, 0x30ea, 0x30eb, 0x30ec, 0x30ed, 0x30ee, 0x30ef,
	0x30f0, 0x30f1, 0x30f2, 0x30f3, 0x30f4, 0x30f5, 0x30f6, 0x30fb,
	0x30fc, 0x30fd, 0x30fe, 0x4edd, 0xff01, 0xff03, 0xff04, 0xff05,
	0xff06, 0xff08, 0xff09, 0xff0a, 0xff0b, 0xff0c, 0xff0d, 0xff0e,
	0xff0f, 0xff10, 0xff11, 0xff12, 0xff13, 0xff14, 0xff15, 0xff16,
	0xff17, 0xff18, 0xff19, 0xff1a, 0xff1b, 0xff1c, 0xff1d, 0xff1e,
	0xff1f, 0xff20, 0xff21, 0xff22, 0xff23, 0xff24, 0xff25, 0xff26,
	0xff27, 0xff28, 0xff29, 0xff2a, 0xff2b, 0xff2c, 0xff2d, 0xff2e,
	0xff2f, 0xff30, 0xff31, 0xff32, 0xff33, 0xff34, 0xff35, 0xff36,
	0xff37, 0xff38, 0xff39, 0xff3a, 0xff3b, 0xff3c, 0xff3d, 0xff3e,
	0xff3f, 0xff40, 0xff41, 0xff42, 0xff43, 0xff44, 0xff45, 0xff46,
	0xff47, 0xff48, 0xff49, 0xff4a, 0xff4b, 0xff4c, 0xff4d, 0xff4e,
	0xff4f, 0xff50, 0xff51, 0xff52, 0xff53, 0xff54, 0xff55, 0xff56,
	0xff57, 0xff58, 0xff59, 0xff5a, 0xff5b, 0xff5c, 0xff5d, 0xff5e,
	0xff61, 0xff62, 0xff63, 0xff64, 0xff65, 0xff66, 0xff67, 0xff68,
	0xff69, 0xff6a, 0xff6b, 0xff6c, 0xff6d, 0xff6e, 0xff6f, 0xff70,
	0xff71, 0xff72, 0xff73, 0xff74, 0xff75, 0xff76, 0xff77, 0xff78,
	0xff79, 0xff7a, 0xff7b, 0xff7c, 0xff7d, 0xff7e, 0xff7f, 0xff80,
	0xff81, 0xff82, 0xff83, 0xff84, 0xff85, 0xff86, 0xff87, 0xff88,
	0xff89, 0xff8a, 0xff8b, 0xff8c, 0xff8d, 0xff8e, 0xff8f, 0xff90,
	0xff91, 0xff92, 0xff93, 0xff94, 0xff95, 0xff96, 0xff97, 0xff98,
	0xff99, 0xff9a, 0xff9b, 0xff9c, 0xff9d, 0xff9e, 0xff9f, 0xffe0,
	0xffe1, 0xffe2, 0xffe3, 0xffe5,
}

// advances は 1 グリフあたりの送り幅（ドット）。**半角と全角で違う。**
// これが Face 単位ではなくグリフ単位であることが、basicfont.Face を使えない理由である。
var advances = [...]uint8{
	8, 8, 8, 8, 8, 8, 8, 8, 8, 8, 8, 8, 8, 8, 8, 8,
	8, 8, 8, 8, 8, 8, 8, 8, 8, 8, 8, 8, 8, 8, 8, 8,
	8, 8, 8, 8, 8, 8, 8, 8, 8, 8, 8, 8, 8, 8, 8, 8,
	8, 8, 8, 8, 8, 8, 8, 8, 8, 8, 8, 8, 8, 8, 8, 8,
	8, 8, 8, 8, 8, 8, 8, 8, 8, 8, 8, 8, 8, 8, 8, 8,
	8, 8, 8, 8, 8, 8, 8, 8, 8, 8, 8, 8, 8, 8, 8, 8,
	8, 8, 8, 8, 8, 8, 8, 8, 8, 8, 8, 8, 16, 16, 16, 16,
	16, 16, 16, 16, 16, 16, 16, 16, 16, 16, 16, 16, 16, 16, 16, 16,
	16, 16, 16, 16, 16, 16, 16, 16, 16, 16, 16, 16, 16, 16, 16, 16,
	16, 16, 16, 16, 16, 16, 16, 16, 16, 16, 16, 16, 16, 16, 16, 16,
	16, 16, 16, 16, 16, 16, 16, 16, 16, 16, 16, 16, 16, 16, 16, 16,
	16, 16, 16, 16, 16, 16, 16, 16, 16, 16, 16, 16, 16, 16, 16, 16,
	16, 16, 16, 16, 16, 16, 16, 16, 16, 16, 16, 16, 16, 16, 16, 16,
	16, 16, 16, 16, 16, 16, 16, 16, 16, 16, 16, 16, 16, 16, 16, 16,
	8, 16, 8, 8, 8, 8, 16, 16, 16, 16, 16, 16, 16, 16, 16, 16,
	16, 16, 16, 16, 16, 16, 16, 16, 16, 16, 16, 16, 16, 16, 16, 16,
	16, 16, 16, 16, 16, 16, 16, 16, 8, 16, 16, 16, 16, 16, 16, 16,
	16, 16, 16, 16, 16, 16, 16, 16, 16, 16, 16, 16, 16, 16, 16, 16,
	16, 16, 16, 16, 16, 16, 16, 16, 16, 16, 16, 16, 16, 16, 16, 16,
	16, 16, 16, 16, 16, 16, 16, 16, 16, 16, 16, 16, 16, 16, 16, 16,
	16, 16, 16, 16, 16, 16, 16, 16, 16, 16, 16, 16, 16, 16, 16, 16,
	16, 16, 16, 16, 16, 16, 16, 16, 16, 16, 16, 16, 16, 16, 16, 16,
	16, 16, 16, 16, 16, 16, 16, 16, 16, 16, 16, 16, 16, 16, 16, 16,
	16, 16, 16, 16, 16, 16, 16, 16, 16, 16, 16, 16, 16, 16, 16, 16,
	16, 16, 16, 16, 16, 16, 16, 16, 16, 16, 16, 16, 16, 16, 16, 16,
	16, 16, 16, 16, 16, 16, 16, 16, 16, 16, 16, 16, 16, 16, 16, 16,
	16, 16, 16, 16, 16, 16, 16, 16, 16, 16, 16, 16, 16, 16, 16, 16,
	16, 16, 16, 16, 16, 16, 16, 16, 16, 16, 16, 16, 16, 16, 16, 16,
	16, 16, 16, 16, 16, 16, 16, 16, 16, 16, 16, 16, 16, 16, 16, 16,
	16, 16, 16, 16, 16, 16, 16, 16, 16, 16, 16, 16, 16, 16, 16, 16,
	16, 16, 16, 16, 16, 16, 16, 16, 16, 16, 16, 16, 16, 16, 16, 16,
	16, 16, 16, 16, 16, 16, 16, 16, 16, 16, 16, 16, 16, 16, 16, 16,
	16, 16, 16, 16, 16, 16, 16, 16, 16, 16, 16, 16, 16, 16, 16, 16,
	16, 16, 16, 16, 16, 16, 16, 16, 16, 16, 16, 16, 16, 16, 16, 16,
	16, 16, 16, 16, 16, 16, 16, 16, 16, 16, 16, 16, 16, 16, 16, 16,
	16, 16, 16, 16, 16, 16, 16, 16, 16, 16, 16, 16, 16, 16, 16, 16,
	16, 16, 16, 16, 16, 16, 16, 16, 16, 16, 16, 16, 16, 16, 16, 16,
	16, 16, 16, 16, 16, 16, 16, 16, 16, 16, 16, 16, 16, 16, 16, 16,
	16, 16, 16, 16, 16, 16, 16, 16, 16, 16, 16, 16, 16, 16, 16, 16,
	8, 8, 8, 8, 8, 8, 8, 8, 8, 8, 8, 8, 8, 8, 8, 8,
	8, 8, 8, 8, 8, 8, 8, 8, 8, 8, 8, 8, 8, 8, 8, 8,
	8, 8, 8, 8, 8, 8, 8, 8, 8, 8, 8, 8, 8, 8, 8, 8,
	8, 8, 8, 8, 8, 8, 8, 8, 8, 8, 8, 8, 8, 8, 8, 16,
	16, 16, 16, 16,
}

// glyphBits は 1 グリフ 32 バイト（16 行 × 16 ビット、上位ビットが左）。
const glyphBits = "" +
	"\x00\x00\x00\x00\x00\x00\x00\x00\x00\x00\x00\x00\x00\x00\x00\x00\x00\x00\x00\x00\x00\x00\x00\x00\x00\x00\x00\x00\x00\x00\x00\x00" + // U+0020
	"\x00\x00\x10\x00\x10\x00\x10\x00\x10\x00\x10\x00\x10\x00\x10\x00\x10\x00\x10\x00\x10\x00\x00\x00\x10\x00\x10\x00\x00\x00\x00\x00" + // U+0021
	"\x28\x00\x28\x00\x28\x00\x28\x00\x00\x00\x00\x00\x00\x00\x00\x00\x00\x00\x00\x00\x00\x00\x00\x00\x00\x00\x00\x00\x00\x00\x00\x00" + // U+0022
	"\x00\x00\x24\x00\x24\x00\x24\x00\x24\x00\x7e\x00\x24\x00\x24\x00\x48\x00\x48\x00\xfc\x00\x48\x00\x48\x00\x48\x00\x00\x00\x00\x00" + // U+0023
	"\x10\x00\x7c\x00\x92\x00\x92\x00\x90\x00\x90\x00\x70\x00\x1c\x00\x12\x00\x12\x00\x92\x00\x92\x00\x92\x00\x7c\x00\x10\x00\x00\x00" + // U+0024
	"\x00\x00\x61\x00\x92\x00\x92\x00\x94\x00\x94\x00\x98\x00\x6e\x00\x1b\x00\x29\x00\x29\x00\x49\x00\x49\x00\x86\x00\x00\x00\x00\x00" + // U+0025
	"\x00\x00\x3c\x00\x42\x00\x42\x00\x42\x00\x44\x00\x28\x00\x30\x00\x50\x00\x89\x00\x85\x00\x82\x00\x82\x00\x7d\x00\x00\x00\x00\x00" + // U+0026
	"\x10\x00\x10\x00\x10\x00\x10\x00\x00\x00\x00\x00\x00\x00\x00\x00\x00\x00\x00\x00\x00\x00\x00\x00\x00\x00\x00\x00\x00\x00\x00\x00" + // U+0027
	"\x02\x00\x04\x00\x04\x00\x04\x00\x08\x00\x08\x00\x08\x00\x08\x00\x08\x00\x08\x00\x08\x00\x04\x00\x04\x00\x04\x00\x02\x00\x00\x00" + // U+0028
	"\x40\x00\x20\x00\x20\x00\x20\x00\x10\x00\x10\x00\x10\x00\x10\x00\x10\x00\x10\x00\x10\x00\x20\x00\x20\x00\x20\x00\x40\x00\x00\x00" + // U+0029
	"\x00\x00\x92\x00\x54\x00\x38\x00\x38\x00\x54\x00\x92\x00\x00\x00\x00\x00\x00\x00\x00\x00\x00\x00\x00\x00\x00\x00\x00\x00\x00\x00" + // U+002A
	"\x00\x00\x00\x00\x00\x00\x00\x00\x00\x00\x10\x00\x10\x00\x10\x00\x10\x00\xfe\x00\x10\x00\x10\x00\x10\x00\x10\x00\x00\x00\x00\x00" + // U+002B
	"\x00\x00\x00\x00\x00\x00\x00\x00\x00\x00\x00\x00\x00\x00\x00\x00\x00\x00\x00\x00\x00\x00\x60\x00\x60\x00\x20\x00\x40\x00\x00\x00" + // U+002C
	"\x00\x00\x00\x00\x00\x00\x00\x00\x00\x00\x00\x00\x00\x00\x00\x00\x00\x00\x7e\x00\x00\x00\x00\x00\x00\x00\x00\x00\x00\x00\x00\x00" + // U+002D
	"\x00\x00\x00\x00\x00\x00\x00\x00\x00\x00\x00\x00\x00\x00\x00\x00\x00\x00\x00\x00\x00\x00\x60\x00\x60\x00\x00\x00\x00\x00\x00\x00" + // U+002E
	"\x02\x00\x02\x00\x04\x00\x04\x00\x08\x00\x08\x00\x10\x00\x10\x00\x20\x00\x20\x00\x40\x00\x40\x00\x80\x00\x80\x00\x00\x00\x00\x00" + // U+002F
	"\x00\x00\x38\x00\x44\x00\x82\x00\x82\x00\x82\x00\x82\x00\x82\x00\x82\x00\x82\x00\x82\x00\x82\x00\x44\x00\x38\x00\x00\x00\x00\x00" + // U+0030
	"\x00\x00\x38\x00\x08\x00\x08\x00\x08\x00\x08\x00\x08\x00\x08\x00\x08\x00\x08\x00\x08\x00\x08\x00\x08\x00\x08\x00\x00\x00\x00\x00" + // U+0031
	"\x00\x00\x38\x00\x44\x00\x82\x00\x82\x00\x82\x00\x04\x00\x08\x00\x30\x00\x40\x00\x80\x00\x80\x00\x80\x00\xfe\x00\x00\x00\x00\x00" + // U+0032
	"\x00\x00\x38\x00\x44\x00\x82\x00\x82\x00\x02\x00\x04\x00\x38\x00\x04\x00\x02\x00\x82\x00\x82\x00\x44\x00\x38\x00\x00\x00\x00\x00" + // U+0033
	"\x00\x00\x02\x00\x06\x00\x06\x00\x0a\x00\x0a\x00\x12\x00\x12\x00\x22\x00\x22\x00\x42\x00\xff\x00\x02\x00\x02\x00\x00\x00\x00\x00" + // U+0034
	"\x00\x00\xfc\x00\x80\x00\x80\x00\x80\x00\x80\x00\xb8\x00\xc4\x00\x82\x00\x02\x00\x02\x00\x82\x00\x44\x00\x38\x00\x00\x00\x00\x00" + // U+0035
	"\x00\x00\x38\x00\x44\x00\x82\x00\x82\x00\x80\x00\xb8\x00\xc4\x00\x82\x00\x82\x00\x82\x00\x82\x00\x44\x00\x38\x00\x00\x00\x00\x00" + // U+0036
	"\x00\x00\xfe\x00\x02\x00\x04\x00\x04\x00\x08\x00\x08\x00\x08\x00\x10\x00\x10\x00\x10\x00\x20\x00\x20\x00\x20\x00\x00\x00\x00\x00" + // U+0037
	"\x00\x00\x38\x00\x44\x00\x82\x00\x82\x00\x82\x00\x44\x00\x38\x00\x44\x00\x82\x00\x82\x00\x82\x00\x44\x00\x38\x00\x00\x00\x00\x00" + // U+0038
	"\x00\x00\x38\x00\x44\x00\x82\x00\x82\x00\x82\x00\x82\x00\x82\x00\x46\x00\x3a\x00\x02\x00\x82\x00\x44\x00\x38\x00\x00\x00\x00\x00" + // U+0039
	"\x00\x00\x00\x00\x00\x00\x00\x00\x00\x00\x18\x00\x18\x00\x00\x00\x00\x00\x00\x00\x00\x00\x18\x00\x18\x00\x00\x00\x00\x00\x00\x00" + // U+003A
	"\x00\x00\x00\x00\x00\x00\x00\x00\x00\x00\x18\x00\x18\x00\x00\x00\x00\x00\x00\x00\x00\x00\x18\x00\x18\x00\x08\x00\x10\x00\x00\x00" + // U+003B
	"\x00\x00\x00\x00\x00\x00\x00\x00\x00\x00\x02\x00\x0c\x00\x10\x00\x60\x00\x80\x00\x60\x00\x10\x00\x0c\x00\x02\x00\x00\x00\x00\x00" + // U+003C
	"\x00\x00\x00\x00\x00\x00\x00\x00\x00\x00\x00\x00\x00\x00\x7e\x00\x00\x00\x00\x00\x00\x00\x7e\x00\x00\x00\x00\x00\x00\x00\x00\x00" + // U+003D
	"\x00\x00\x00\x00\x00\x00\x00\x00\x00\x00\x80\x00\x60\x00\x10\x00\x0c\x00\x02\x00\x0c\x00\x10\x00\x60\x00\x80\x00\x00\x00\x00\x00" + // U+003E
	"\x00\x00\x3c\x00\x42\x00\x83\x00\x81\x00\x01\x00\x02\x00\x0c\x00\x10\x00\x10\x00\x10\x00\x00\x00\x18\x00\x18\x00\x00\x00\x00\x00" + // U+003F
	"\x00\x00\x1c\x00\x22\x00\x43\x00\x5b\x00\xa7\x00\xa5\x00\xa5\x00\xa5\x00\xa5\x00\x9a\x00\x80\x00\x40\x00\x3e\x00\x00\x00\x00\x00" + // U+0040
	"\x00\x00\x10\x00\x10\x00\x10\x00\x28\x00\x28\x00\x28\x00\x44\x00\x44\x00\x44\x00\x7c\x00\x82\x00\x82\x00\x82\x00\x00\x00\x00\x00" + // U+0041
	"\x00\x00\xf8\x00\x84\x00\x82\x00\x82\x00\x82\x00\x84\x00\xf8\x00\x84\x00\x82\x00\x82\x00\x82\x00\x84\x00\xf8\x00\x00\x00\x00\x00" + // U+0042
	"\x00\x00\x38\x00\x44\x00\x82\x00\x82\x00\x80\x00\x80\x00\x80\x00\x80\x00\x82\x00\x82\x00\x82\x00\x44\x00\x38\x00\x00\x00\x00\x00" + // U+0043
	"\x00\x00\xf8\x00\x84\x00\x82\x00\x82\x00\x82\x00\x82\x00\x82\x00\x82\x00\x82\x00\x82\x00\x82\x00\x84\x00\xf8\x00\x00\x00\x00\x00" + // U+0044
	"\x00\x00\xfe\x00\x80\x00\x80\x00\x80\x00\x80\x00\x80\x00\xfc\x00\x80\x00\x80\x00\x80\x00\x80\x00\x80\x00\xfe\x00\x00\x00\x00\x00" + // U+0045
	"\x00\x00\xfe\x00\x80\x00\x80\x00\x80\x00\x80\x00\x80\x00\xfc\x00\x80\x00\x80\x00\x80\x00\x80\x00\x80\x00\x80\x00\x00\x00\x00\x00" + // U+0046
	"\x00\x00\x38\x00\x44\x00\x82\x00\x82\x00\x80\x00\x80\x00\x9e\x00\x82\x00\x82\x00\x82\x00\x82\x00\x44\x00\x38\x00\x00\x00\x00\x00" + // U+0047
	"\x00\x00\x82\x00\x82\x00\x82\x00\x82\x00\x82\x00\x82\x00\xfe\x00\x82\x00\x82\x00\x82\x00\x82\x00\x82\x00\x82\x00\x00\x00\x00\x00" + // U+0048
	"\x00\x00\x10\x00\x10\x00\x10\x00\x10\x00\x10\x00\x10\x00\x10\x00\x10\x00\x10\x00\x10\x00\x10\x00\x10\x00\x10\x00\x00\x00\x00\x00" + // U+0049
	"\x00\x00\x02\x00\x02\x00\x02\x00\x02\x00\x02\x00\x02\x00\x02\x00\x02\x00\x82\x00\x82\x00\x82\x00\x44\x00\x38\x00\x00\x00\x00\x00" + // U+004A
	"\x00\x00\x82\x00\x84\x00\x88\x00\x90\x00\xa0\x00\xc0\x00\xc0\x00\xa0\x00\x90\x00\x88\x00\x88\x00\x84\x00\x82\x00\x00\x00\x00\x00" + // U+004B
	"\x00\x00\x80\x00\x80\x00\x80\x00\x80\x00\x80\x00\x80\x00\x80\x00\x80\x00\x80\x00\x80\x00\x80\x00\x80\x00\xfe\x00\x00\x00\x00\x00" + // U+004C
	"\x00\x00\x82\x00\x82\x00\xc6\x00\xc6\x00\xc6\x00\xaa\x00\xaa\x00\xaa\x00\xaa\x00\x92\x00\x92\x00\x92\x00\x82\x00\x00\x00\x00\x00" + // U+004D
	"\x00\x00\x82\x00\x82\x00\xc2\x00\xc2\x00\xa2\x00\xa2\x00\x92\x00\x92\x00\x8a\x00\x8a\x00\x86\x00\x86\x00\x82\x00\x00\x00\x00\x00" + // U+004E
	"\x00\x00\x38\x00\x44\x00\x82\x00\x82\x00\x82\x00\x82\x00\x82\x00\x82\x00\x82\x00\x82\x00\x82\x00\x44\x00\x38\x00\x00\x00\x00\x00" + // U+004F
	"\x00\x00\xf8\x00\x84\x00\x82\x00\x82\x00\x82\x00\x82\x00\x84\x00\xf8\x00\x80\x00\x80\x00\x80\x00\x80\x00\x80\x00\x00\x00\x00\x00" + // U+0050
	"\x00\x00\x38\x00\x44\x00\x82\x00\x82\x00\x82\x00\x82\x00\x82\x00\x82\x00\x82\x00\x92\x00\x92\x00\x4c\x00\x3c\x00\x06\x00\x00\x00" + // U+0051
	"\x00\x00\xf8\x00\x84\x00\x82\x00\x82\x00\x82\x00\x84\x00\xf8\x00\x84\x00\x84\x00\x84\x00\x82\x00\x82\x00\x82\x00\x00\x00\x00\x00" + // U+0052
	"\x00\x00\x38\x00\x44\x00\x82\x00\x82\x00\x80\x00\x40\x00\x38\x00\x04\x00\x02\x00\x82\x00\x82\x00\x44\x00\x38\x00\x00\x00\x00\x00" + // U+0053
	"\x00\x00\x00\x00\xfe\x00\x10\x00\x10\x00\x10\x00\x10\x00\x10\x00\x10\x00\x10\x00\x10\x00\x10\x00\x10\x00\x10\x00\x00\x00\x00\x00" + // U+0054
	"\x00\x00\x82\x00\x82\x00\x82\x00\x82\x00\x82\x00\x82\x00\x82\x00\x82\x00\x82\x00\x82\x00\x82\x00\x44\x00\x38\x00\x00\x00\x00\x00" + // U+0055
	"\x00\x00\x82\x00\x82\x00\x82\x00\x82\x00\x44\x00\x44\x00\x44\x00\x44\x00\x28\x00\x28\x00\x28\x00\x10\x00\x10\x00\x00\x00\x00\x00" + // U+0056
	"\x00\x00\x82\x00\x92\x00\x92\x00\x92\x00\x92\x00\xaa\x00\xaa\x00\xaa\x00\xaa\x00\x44\x00\x44\x00\x44\x00\x44\x00\x00\x00\x00\x00" + // U+0057
	"\x00\x00\x82\x00\x82\x00\x44\x00\x44\x00\x28\x00\x28\x00\x10\x00\x28\x00\x28\x00\x44\x00\x44\x00\x82\x00\x82\x00\x00\x00\x00\x00" + // U+0058
	"\x00\x00\x82\x00\x82\x00\x82\x00\x44\x00\x44\x00\x28\x00\x28\x00\x10\x00\x10\x00\x10\x00\x10\x00\x10\x00\x10\x00\x00\x00\x00\x00" + // U+0059
	"\x00\x00\xfe\x00\x04\x00\x04\x00\x08\x00\x08\x00\x10\x00\x10\x00\x20\x00\x20\x00\x40\x00\x40\x00\x80\x00\xfe\x00\x00\x00\x00\x00" + // U+005A
	"\x0e\x00\x08\x00\x08\x00\x08\x00\x08\x00\x08\x00\x08\x00\x08\x00\x08\x00\x08\x00\x08\x00\x08\x00\x08\x00\x08\x00\x0e\x00\x00\x00" + // U+005B
	"\x00\x00\x40\x00\x40\x00\x20\x00\x20\x00\x20\x00\x10\x00\x10\x00\x10\x00\x08\x00\x08\x00\x08\x00\x04\x00\x04\x00\x00\x00\x00\x00" + // U+005C
	"\x70\x00\x10\x00\x10\x00\x10\x00\x10\x00\x10\x00\x10\x00\x10\x00\x10\x00\x10\x00\x10\x00\x10\x00\x10\x00\x10\x00\x70\x00\x00\x00" + // U+005D
	"\x00\x00\x18\x00\x18\x00\x24\x00\x24\x00\x42\x00\x42\x00\x00\x00\x00\x00\x00\x00\x00\x00\x00\x00\x00\x00\x00\x00\x00\x00\x00\x00" + // U+005E
	"\x00\x00\x00\x00\x00\x00\x00\x00\x00\x00\x00\x00\x00\x00\x00\x00\x00\x00\x00\x00\x00\x00\x00\x00\x00\x00\x00\x00\xfe\x00\xfe\x00" + // U+005F
	"\x20\x00\x30\x00\x10\x00\x08\x00\x00\x00\x00\x00\x00\x00\x00\x00\x00\x00\x00\x00\x00\x00\x00\x00\x00\x00\x00\x00\x00\x00\x00\x00" + // U+0060
	"\x00\x00\x00\x00\x00\x00\x00\x00\x00\x00\x78\x00\x84\x00\x84\x00\x04\x00\x7c\x00\x84\x00\x84\x00\x8c\x00\x72\x00\x00\x00\x00\x00" + // U+0061
	"\x00\x00\x00\x00\x80\x00\x80\x00\x80\x00\xb8\x00\xc4\x00\x82\x00\x82\x00\x82\x00\x82\x00\x82\x00\xc4\x00\xb8\x00\x00\x00\x00\x00" + // U+0062
	"\x00\x00\x00\x00\x00\x00\x00\x00\x00\x00\x38\x00\x44\x00\x82\x00\x80\x00\x80\x00\x80\x00\x82\x00\x44\x00\x38\x00\x00\x00\x00\x00" + // U+0063
	"\x00\x00\x00\x00\x02\x00\x02\x00\x02\x00\x3a\x00\x46\x00\x82\x00\x82\x00\x82\x00\x82\x00\x82\x00\x46\x00\x3a\x00\x00\x00\x00\x00" + // U+0064
	"\x00\x00\x00\x00\x00\x00\x00\x00\x00\x00\x38\x00\x44\x00\x82\x00\x82\x00\xfe\x00\x80\x00\x82\x00\x44\x00\x38\x00\x00\x00\x00\x00" + // U+0065
	"\x00\x00\x0e\x00\x10\x00\x10\x00\x10\x00\x7e\x00\x10\x00\x10\x00\x10\x00\x10\x00\x10\x00\x10\x00\x10\x00\x10\x00\x00\x00\x00\x00" + // U+0066
	"\x00\x00\x00\x00\x00\x00\x00\x00\x00\x00\x7a\x00\x84\x00\x84\x00\x84\x00\x78\x00\x80\x00\x7c\x00\x82\x00\x82\x00\x7c\x00\x00\x00" + // U+0067
	"\x00\x00\x00\x00\x80\x00\x80\x00\x80\x00\xb8\x00\xc4\x00\x82\x00\x82\x00\x82\x00\x82\x00\x82\x00\x82\x00\x82\x00\x00\x00\x00\x00" + // U+0068
	"\x00\x00\x00\x00\x10\x00\x10\x00\x00\x00\x10\x00\x10\x00\x10\x00\x10\x00\x10\x00\x10\x00\x10\x00\x10\x00\x10\x00\x00\x00\x00\x00" + // U+0069
	"\x00\x00\x00\x00\x08\x00\x08\x00\x00\x00\x08\x00\x08\x00\x08\x00\x08\x00\x08\x00\x08\x00\x08\x00\x08\x00\x08\x00\x30\x00\x00\x00" + // U+006A
	"\x00\x00\x00\x00\x80\x00\x80\x00\x80\x00\x82\x00\x84\x00\x98\x00\xa0\x00\xc0\x00\xa0\x00\x98\x00\x84\x00\x82\x00\x00\x00\x00\x00" + // U+006B
	"\x00\x00\x00\x00\x10\x00\x10\x00\x10\x00\x10\x00\x10\x00\x10\x00\x10\x00\x10\x00\x10\x00\x10\x00\x10\x00\x10\x00\x00\x00\x00\x00" + // U+006C
	"\x00\x00\x00\x00\x00\x00\x00\x00\x00\x00\xa4\x00\xda\x00\x92\x00\x92\x00\x92\x00\x92\x00\x92\x00\x92\x00\x92\x00\x00\x00\x00\x00" + // U+006D
	"\x00\x00\x00\x00\x00\x00\x00\x00\x00\x00\xb8\x00\xc4\x00\x82\x00\x82\x00\x82\x00\x82\x00\x82\x00\x82\x00\x82\x00\x00\x00\x00\x00" + // U+006E
	"\x00\x00\x00\x00\x00\x00\x00\x00\x00\x00\x38\x00\x44\x00\x82\x00\x82\x00\x82\x00\x82\x00\x82\x00\x44\x00\x38\x00\x00\x00\x00\x00" + // U+006F
	"\x00\x00\x00\x00\x00\x00\x00\x00\x00\x00\xb8\x00\xc4\x00\x82\x00\x82\x00\x82\x00\x82\x00\xc4\x00\xb8\x00\x80\x00\x80\x00\x00\x00" + // U+0070
	"\x00\x00\x00\x00\x00\x00\x00\x00\x00\x00\x3a\x00\x46\x00\x82\x00\x82\x00\x82\x00\x82\x00\x46\x00\x3a\x00\x02\x00\x02\x00\x00\x00" + // U+0071
	"\x00\x00\x00\x00\x00\x00\x00\x00\x00\x00\x5c\x00\x60\x00\x40\x00\x40\x00\x40\x00\x40\x00\x40\x00\x40\x00\x40\x00\x00\x00\x00\x00" + // U+0072
	"\x00\x00\x00\x00\x00\x00\x00\x00\x00\x00\x7c\x00\x82\x00\x82\x00\x80\x00\x7c\x00\x02\x00\x82\x00\x82\x00\x7c\x00\x00\x00\x00\x00" + // U+0073
	"\x00\x00\x00\x00\x10\x00\x10\x00\x10\x00\x7e\x00\x10\x00\x10\x00\x10\x00\x10\x00\x10\x00\x10\x00\x10\x00\x0e\x00\x00\x00\x00\x00" + // U+0074
	"\x00\x00\x00\x00\x00\x00\x00\x00\x00\x00\x82\x00\x82\x00\x82\x00\x82\x00\x82\x00\x82\x00\x82\x00\x46\x00\x3a\x00\x00\x00\x00\x00" + // U+0075
	"\x00\x00\x00\x00\x00\x00\x00\x00\x00\x00\x82\x00\x82\x00\x82\x00\x44\x00\x44\x00\x28\x00\x28\x00\x10\x00\x10\x00\x00\x00\x00\x00" + // U+0076
	"\x00\x00\x00\x00\x00\x00\x00\x00\x00\x00\x92\x00\x92\x00\x92\x00\xaa\x00\xaa\x00\xaa\x00\x44\x00\x44\x00\x44\x00\x00\x00\x00\x00" + // U+0077
	"\x00\x00\x00\x00\x00\x00\x00\x00\x00\x00\x82\x00\x44\x00\x44\x00\x28\x00\x10\x00\x28\x00\x44\x00\x44\x00\x82\x00\x00\x00\x00\x00" + // U+0078
	"\x00\x00\x00\x00\x00\x00\x00\x00\x00\x00\x82\x00\x82\x00\x44\x00\x44\x00\x44\x00\x28\x00\x28\x00\x10\x00\x10\x00\xe0\x00\x00\x00" + // U+0079
	"\x00\x00\x00\x00\x00\x00\x00\x00\x00\x00\xfe\x00\x02\x00\x04\x00\x08\x00\x10\x00\x20\x00\x40\x00\x80\x00\xfe\x00\x00\x00\x00\x00" + // U+007A
	"\x06\x00\x08\x00\x08\x00\x08\x00\x08\x00\x08\x00\x08\x00\x10\x00\x08\x00\x08\x00\x08\x00\x08\x00\x08\x00\x08\x00\x06\x00\x00\x00" + // U+007B
	"\x00\x00\x10\x00\x10\x00\x10\x00\x10\x00\x10\x00\x10\x00\x10\x00\x10\x00\x10\x00\x10\x00\x10\x00\x10\x00\x10\x00\x10\x00\x00\x00" + // U+007C
	"\x60\x00\x10\x00\x10\x00\x10\x00\x10\x00\x10\x00\x10\x00\x08\x00\x10\x00\x10\x00\x10\x00\x10\x00\x10\x00\x10\x00\x60\x00\x00\x00" + // U+007D
	"\x00\x00\x00\x00\x00\x00\x00\x00\x00\x00\x00\x00\x00\x00\x00\x00\x32\x00\x4c\x00\x00\x00\x00\x00\x00\x00\x00\x00\x00\x00\x00\x00" + // U+007E
	"\x7c\x00\x82\x00\x82\x00\x80\x00\x7c\x00\x82\x00\x83\x00\x81\x00\x41\x00\x3e\x00\x03\x00\x81\x00\x81\x00\x42\x00\x3c\x00\x00\x00" + // U+00A7
	"\x00\x00\x66\x00\x66\x00\x00\x00\x00\x00\x00\x00\x00\x00\x00\x00\x00\x00\x00\x00\x00\x00\x00\x00\x00\x00\x00\x00\x00\x00\x00\x00" + // U+00A8
	"\x00\x00\x38\x00\x44\x00\x44\x00\x44\x00\x38\x00\x00\x00\x00\x00\x00\x00\x00\x00\x00\x00\x00\x00\x00\x00\x00\x00\x00\x00\x00\x00" + // U+00B0
	"\x00\x00\x00\x00\x00\x00\x00\x00\x00\x00\x10\x00\x10\x00\x10\x00\xfe\x00\x10\x00\x10\x00\x10\x00\x00\x00\xfe\x00\x00\x00\x00\x00" + // U+00B1
	"\x00\x00\x18\x00\x10\x00\x20\x00\x00\x00\x00\x00\x00\x00\x00\x00\x00\x00\x00\x00\x00\x00\x00\x00\x00\x00\x00\x00\x00\x00\x00\x00" + // U+00B4
	"\x00\x00\x7e\x00\xf2\x00\xf2\x00\xf2\x00\xf2\x00\x72\x00\x12\x00\x12\x00\x12\x00\x12\x00\x12\x00\x12\x00\x12\x00\x12\x00\x00\x00" + // U+00B6
	"\x00\x00\x00\x00\x00\x00\x00\x00\x00\x00\x81\x00\x42\x00\x24\x00\x18\x00\x18\x00\x18\x00\x24\x00\x42\x00\x81\x00\x00\x00\x00\x00" + // U+00D7
	"\x00\x00\x00\x00\x00\x00\x00\x00\x00\x00\x18\x00\x18\x00\x00\x00\x00\x00\xff\x00\x00\x00\x00\x00\x18\x00\x18\x00\x00\x00\x00\x00" + // U+00F7
	"\x00\x00\x08\x00\x10\x00\x18\x00\x18\x00\x00\x00\x00\x00\x00\x00\x00\x00\x00\x00\x00\x00\x00\x00\x00\x00\x00\x00\x00\x00\x00\x00" + // U+02BB
	"\x00\x00\x18\x00\x18\x00\x08\x00\x10\x00\x00\x00\x00\x00\x00\x00\x00\x00\x00\x00\x00\x00\x00\x00\x00\x00\x00\x00\x00\x00\x00\x00" + // U+02BC
	"\x20\x00\x30\x00\x10\x00\x08\x00\x00\x00\x00\x00\x00\x00\x00\x00\x00\x00\x00\x00\x00\x00\x00\x00\x00\x00\x00\x00\x00\x00\x00\x00" + // U+02CB
	"\x20\x00\x30\x00\x10\x00\x08\x00\x00\x00\x00\x00\x00\x00\x00\x00\x00\x00\x00\x00\x00\x00\x00\x00\x00\x00\x00\x00\x00\x00\x00\x00" + // U+0300
	"\x00\x00\x00\x00\x00\x00\x00\x00\x00\x00\x00\x00\x00\x00\x00\x00\x00\x00\x00\x00\x00\x00\x00\x00\x00\x00\x00\x00\xfe\x00\xfe\x00" + // U+0332
	"\x00\x00\x01\x80\x01\x80\x02\x40\x02\x40\x04\x20\x04\x20\x04\x20\x08\x10\x08\x10\x1f\xf8\x10\x08\x20\x04\x20\x04\x00\x00\x00\x00" + // U+0391
	"\x00\x00\x3f\xe0\x20\x10\x20\x08\x20\x08\x20\x08\x20\x10\x3f\xe0\x20\x10\x20\x08\x20\x08\x20\x08\x20\x10\x3f\xe0\x00\x00\x00\x00" + // U+0392
	"\x00\x00\x1f\xf8\x10\x00\x10\x00\x10\x00\x10\x00\x10\x00\x10\x00\x10\x00\x10\x00\x10\x00\x10\x00\x10\x00\x10\x00\x00\x00\x00\x00" + // U+0393
	"\x00\x00\x01\x80\x01\x80\x02\x40\x02\x40\x04\x20\x04\x20\x04\x20\x08\x10\x08\x10\x10\x08\x10\x08\x20\x0c\x3f\xfc\x00\x00\x00\x00" + // U+0394
	"\x00\x00\x1f\xf8\x10\x00\x10\x00\x10\x00\x10\x00\x10\x00\x1f\xf0\x10\x00\x10\x00\x10\x00\x10\x00\x10\x00\x1f\xf8\x00\x00\x00\x00" + // U+0395
	"\x00\x00\x1f\xf8\x00\x18\x00\x10\x00\x20\x00\x40\x00\x80\x00\x80\x01\x00\x02\x00\x04\x00\x08\x00\x10\x00\x1f\xf8\x00\x00\x00\x00" + // U+0396
	"\x00\x00\x10\x08\x10\x08\x10\x08\x10\x08\x10\x08\x10\x08\x1f\xf8\x10\x08\x10\x08\x10\x08\x10\x08\x10\x08\x10\x08\x00\x00\x00\x00" + // U+0397
	"\x00\x00\x0f\xf0\x10\x18\x20\x0c\x20\x04\x20\x04\x20\x04\x2f\xf4\x20\x04\x20\x04\x20\x04\x20\x04\x10\x08\x0f\xf0\x00\x00\x00\x00" + // U+0398
	"\x00\x00\x01\x00\x01\x00\x01\x00\x01\x00\x01\x00\x01\x00\x01\x00\x01\x00\x01\x00\x01\x00\x01\x00\x01\x00\x01\x00\x00\x00\x00\x00" + // U+0399
	"\x00\x00\x10\x08\x10\x10\x10\x60\x10\x80\x13\x00\x14\x00\x18\x00\x14\x00\x13\x00\x10\x80\x10\x60\x10\x10\x10\x08\x00\x00\x00\x00" + // U+039A
	"\x00\x00\x01\x80\x01\x80\x02\x40\x02\x40\x04\x20\x04\x20\x04\x20\x08\x10\x08\x10\x10\x08\x10\x08\x20\x04\x20\x04\x00\x00\x00\x00" + // U+039B
	"\x00\x00\x40\x04\x60\x0c\x60\x0c\x50\x14\x50\x14\x48\x24\x48\x24\x44\x44\x44\x44\x42\x84\x42\x84\x41\x04\x41\x04\x00\x00\x00\x00" + // U+039C
	"\x00\x00\x10\x08\x18\x08\x14\x08\x14\x08\x12\x08\x11\x08\x11\x08\x10\x88\x10\x48\x10\x48\x10\x28\x10\x18\x10\x08\x00\x00\x00\x00" + // U+039D
	"\x00\x00\x3f\xf8\x00\x00\x00\x00\x00\x00\x00\x00\x00\x00\x1f\xf0\x00\x00\x00\x00\x00\x00\x00\x00\x00\x00\x3f\xf8\x00\x00\x00\x00" + // U+039E
	"\x00\x00\x0f\xf0\x10\x18\x20\x0c\x20\x04\x20\x04\x20\x04\x20\x04\x20\x04\x20\x04\x20\x04\x20\x04\x10\x08\x0f\xf0\x00\x00\x00\x00" + // U+039F
	"\x00\x00\x3f\xfc\x08\x10\x08\x10\x08\x10\x08\x10\x08\x10\x08\x10\x08\x10\x08\x10\x08\x10\x08\x10\x08\x10\x08\x10\x00\x00\x00\x00" + // U+03A0
	"\x00\x00\x3f\xe0\x20\x10\x20\x08\x20\x08\x20\x08\x20\x08\x20\x10\x3f\xe0\x20\x00\x20\x00\x20\x00\x20\x00\x20\x00\x00\x00\x00\x00" + // U+03A1
	"\x00\x00\x1f\xf8\x08\x00\x06\x00\x01\x00\x00\xc0\x00\x20\x00\x30\x00\x20\x00\xc0\x01\x00\x06\x00\x08\x00\x1f\xf8\x00\x00\x00\x00" + // U+03A3
	"\x00\x00\x3f\xf8\x01\x00\x01\x00\x01\x00\x01\x00\x01\x00\x01\x00\x01\x00\x01\x00\x01\x00\x01\x00\x01\x00\x01\x00\x00\x00\x00\x00" + // U+03A4
	"\x00\x00\x1c\x70\x22\x88\x42\x84\x01\x00\x01\x00\x01\x00\x01\x00\x01\x00\x01\x00\x01\x00\x01\x00\x01\x00\x01\x00\x00\x00\x00\x00" + // U+03A5
	"\x00\x00\x01\x00\x0f\xe0\x11\x10\x21\x08\x21\x08\x21\x08\x21\x08\x21\x08\x21\x08\x21\x08\x11\x10\x0f\xe0\x01\x00\x00\x00\x00\x00" + // U+03A6
	"\x00\x00\x20\x08\x10\x10\x08\x20\x08\x20\x04\x40\x02\x80\x01\x00\x02\x80\x04\x40\x08\x20\x08\x20\x10\x10\x20\x08\x00\x00\x00\x00" + // U+03A7
	"\x00\x00\x21\x08\x21\x08\x21\x08\x21\x08\x21\x08\x21\x08\x21\x08\x21\x08\x21\x08\x11\x10\x0f\xe0\x01\x00\x01\x00\x00\x00\x00\x00" + // U+03A8
	"\x00\x00\x07\xe0\x08\x10\x10\x18\x20\x0c\x20\x04\x20\x04\x20\x04\x20\x04\x20\x04\x10\x08\x10\x08\x0c\x30\x3e\x7c\x00\x00\x00\x00" + // U+03A9
	"\x00\x00\x00\x00\x00\x00\x00\x00\x00\x00\x03\x88\x04\x48\x08\x28\x10\x30\x10\x30\x10\x20\x10\x60\x08\xa0\x07\x18\x00\x00\x00\x00" + // U+03B1
	"\x00\x00\x01\xf0\x02\x18\x04\x08\x04\x08\x04\x10\x05\xe0\x08\x10\x08\x08\x08\x08\x08\x08\x0c\x10\x13\xe0\x10\x00\x10\x00\x00\x00" + // U+03B2
	"\x00\x00\x00\x00\x00\x00\x00\x00\x00\x00\x18\x08\x04\x08\x02\x10\x02\x20\x01\x20\x01\x40\x00\x80\x00\x80\x01\x00\x02\x00\x00\x00" + // U+03B3
	"\x00\x00\x07\xf0\x03\x00\x00\x80\x00\x40\x03\xe0\x04\x30\x08\x10\x10\x10\x10\x10\x10\x10\x10\x20\x08\x40\x07\x80\x00\x00\x00\x00" + // U+03B4
	"\x00\x00\x00\x00\x00\x00\x00\x00\x00\x00\x01\xe0\x02\x10\x04\x00\x04\x00\x03\xe0\x04\x00\x08\x00\x08\x10\x07\xe0\x00\x00\x00\x00" + // U+03B5
	"\x00\x00\x07\xf8\x00\x30\x00\x40\x01\x80\x02\x00\x04\x00\x08\x00\x10\x00\x10\x00\x10\x00\x08\x00\x07\xf0\x00\x20\x00\x40\x00\x00" + // U+03B6
	"\x00\x00\x00\x00\x00\x00\x00\x00\x00\x00\x19\xe0\x06\x10\x04\x10\x04\x10\x04\x10\x04\x10\x08\x20\x08\x20\x08\x20\x00\x20\x00\x00" + // U+03B7
	"\x00\x00\x01\xe0\x02\x10\x04\x18\x08\x08\x08\x08\x10\x08\x1f\xf8\x10\x18\x10\x10\x10\x10\x10\x20\x08\x40\x07\x80\x00\x00\x00\x00" + // U+03B8
	"\x00\x00\x00\x00\x00\x00\x00\x00\x00\x00\x01\x00\x01\x00\x01\x00\x01\x00\x02\x00\x02\x00\x02\x00\x02\x00\x01\x80\x00\x00\x00\x00" + // U+03B9
	"\x00\x00\x00\x00\x00\x00\x00\x00\x00\x00\x04\x10\x04\x20\x04\x40\x09\x80\x0a\x80\x0c\x80\x10\x40\x10\x40\x10\x30\x00\x00\x00\x00" + // U+03BA
	"\x00\x00\x00\x00\x03\x00\x00\x80\x00\x80\x00\x80\x00\xc0\x01\x40\x01\x40\x02\x40\x04\x20\x04\x20\x08\x20\x10\x18\x00\x00\x00\x00" + // U+03BB
	"\x00\x00\x00\x00\x00\x00\x00\x00\x00\x00\x04\x08\x04\x08\x04\x08\x08\x08\x08\x10\x08\x10\x08\x10\x14\x30\x13\xc8\x10\x00\x00\x00" + // U+03BC
	"\x00\x00\x00\x00\x00\x00\x00\x00\x00\x00\x10\x10\x10\x20\x10\x20\x08\x40\x08\x80\x08\x80\x05\x00\x06\x00\x06\x00\x00\x00\x00\x00" + // U+03BD
	"\x00\x00\x0f\xf8\x02\x00\x04\x00\x04\x00\x04\x00\x03\xf0\x04\x00\x08\x00\x10\x00\x10\x00\x10\x00\x08\x70\x07\x90\x00\x20\x00\x00" + // U+03BE
	"\x00\x00\x00\x00\x00\x00\x00\x00\x00\x00\x03\xe0\x04\x10\x08\x08\x10\x08\x10\x08\x10\x08\x10\x10\x08\x20\x07\xc0\x00\x00\x00\x00" + // U+03BF
	"\x00\x00\x00\x00\x00\x00\x00\x00\x00\x00\x1f\xf8\x04\x20\x04\x20\x04\x20\x08\x20\x08\x40\x08\x40\x08\x40\x08\x30\x00\x00\x00\x00" + // U+03C0
	"\x00\x00\x00\x00\x00\x00\x00\x00\x00\x00\x01\xe0\x02\x10\x04\x08\x04\x08\x08\x08\x08\x08\x08\x10\x0c\x20\x13\xc0\x10\x00\x00\x00" + // U+03C1
	"\x00\x00\x00\x00\x00\x00\x00\x00\x00\x00\x07\xf8\x08\x40\x10\x20\x20\x20\x20\x20\x20\x20\x20\x40\x10\x80\x0f\x00\x00\x00\x00\x00" + // U+03C3
	"\x00\x00\x00\x00\x00\x00\x00\x00\x00\x00\x0f\xf0\x01\x00\x01\x00\x01\x00\x02\x00\x02\x00\x02\x00\x02\x00\x01\x80\x00\x00\x00\x00" + // U+03C4
	"\x00\x00\x00\x00\x00\x00\x00\x00\x00\x00\x04\x10\x04\x10\x04\x10\x04\x10\x08\x20\x08\x20\x08\x20\x08\x40\x07\x80\x00\x00\x00\x00" + // U+03C5
	"\x00\x00\x00\x00\x00\x40\x00\x40\x03\xe0\x04\x90\x08\x88\x10\x88\x11\x08\x11\x08\x11\x10\x09\x20\x07\xc0\x02\x00\x02\x00\x00\x00" + // U+03C6
	"\x00\x00\x00\x00\x00\x00\x00\x00\x00\x00\x0c\x10\x02\x20\x02\x20\x01\x40\x01\x80\x00\x80\x01\x80\x02\x80\x04\x40\x08\x30\x00\x00" + // U+03C7
	"\x00\x00\x00\x40\x00\x40\x00\x40\x08\x88\x08\x88\x08\x88\x10\x88\x11\x08\x11\x10\x11\x10\x09\x20\x07\xc0\x02\x00\x02\x00\x00\x00" + // U+03C8
	"\x00\x00\x00\x00\x00\x00\x00\x00\x00\x00\x04\x10\x08\x08\x10\x08\x10\x84\x20\x84\x21\x84\x21\x84\x22\x88\x1c\x70\x00\x00\x00\x00" + // U+03C9
	"\x06\x60\x06\x60\x06\x60\x1f\xf8\x10\x00\x10\x00\x10\x00\x1f\xe0\x1f\xe0\x10\x00\x10\x00\x10\x00\x10\x00\x1f\xf8\x00\x00\x00\x00" + // U+0401
	"\x00\x00\x01\x80\x01\x80\x02\x40\x02\x40\x04\x20\x04\x20\x04\x20\x08\x10\x08\x10\x1f\xf8\x10\x08\x20\x04\x20\x04\x00\x00\x00\x00" + // U+0410
	"\x00\x00\x1f\xf0\x10\x00\x10\x00\x10\x00\x10\x00\x1f\xe0\x10\x10\x10\x08\x10\x08\x10\x08\x10\x08\x10\x10\x1f\xe0\x00\x00\x00\x00" + // U+0411
	"\x00\x00\x3f\xe0\x20\x10\x20\x08\x20\x08\x20\x08\x20\x10\x3f\xe0\x20\x10\x20\x08\x20\x08\x20\x08\x20\x10\x3f\xe0\x00\x00\x00\x00" + // U+0412
	"\x00\x00\x1f\xf8\x10\x00\x10\x00\x10\x00\x10\x00\x10\x00\x10\x00\x10\x00\x10\x00\x10\x00\x10\x00\x10\x00\x10\x00\x00\x00\x00\x00" + // U+0413
	"\x00\x00\x0f\xf8\x08\x08\x08\x08\x08\x08\x08\x08\x08\x08\x08\x08\x08\x08\x08\x08\x08\x08\x10\x08\x10\x08\x7f\xfe\x40\x02\x00\x00" + // U+0414
	"\x00\x00\x1f\xf8\x10\x00\x10\x00\x10\x00\x10\x00\x10\x00\x1f\xf0\x10\x00\x10\x00\x10\x00\x10\x00\x10\x00\x1f\xf8\x00\x00\x00\x00" + // U+0415
	"\x00\x00\x41\x04\x41\x04\x41\x04\x21\x08\x21\x08\x11\x10\x0f\xe0\x11\x10\x11\x10\x21\x08\x21\x08\x41\x04\x41\x04\x00\x00\x00\x00" + // U+0416
	"\x00\x00\x07\xe0\x08\x10\x10\x18\x10\x08\x00\x08\x00\x10\x07\xe0\x00\x10\x00\x08\x10\x08\x10\x08\x08\x10\x07\xe0\x00\x00\x00\x00" + // U+0417
	"\x00\x00\x10\x08\x10\x18\x10\x38\x10\x48\x10\x48\x10\x88\x11\x08\x11\x08\x12\x08\x14\x08\x14\x08\x18\x08\x10\x08\x00\x00\x00\x00" + // U+0418
	"\x04\x40\x03\x80\x10\x18\x10\x38\x10\x48\x10\x48\x10\x88\x11\x08\x11\x08\x12\x08\x14\x08\x14\x08\x18\x08\x10\x08\x00\x00\x00\x00" + // U+0419
	"\x00\x00\x20\x10\x20\x10\x20\x20\x20\x20\x20\x40\x21\x80\x3e\x00\x21\x00\x20\x80\x20\x40\x20\x20\x20\x10\x20\x08\x00\x00\x00\x00" + // U+041A
	"\x00\x00\x0f\xf8\x08\x08\x08\x08\x08\x08\x08\x08\x08\x08\x08\x08\x08\x08\x08\x08\x08\x08\x10\x08\x10\x08\x20\x08\x00\x00\x00\x00" + // U+041B
	"\x00\x00\x40\x04\x60\x0c\x60\x0c\x50\x14\x50\x14\x48\x24\x48\x24\x44\x44\x44\x44\x42\x84\x42\x84\x41\x04\x41\x04\x00\x00\x00\x00" + // U+041C
	"\x00\x00\x10\x08\x10\x08\x10\x08\x10\x08\x10\x08\x10\x08\x1f\xf8\x10\x08\x10\x08\x10\x08\x10\x08\x10\x08\x10\x08\x00\x00\x00\x00" + // U+041D
	"\x00\x00\x0f\xf0\x10\x18\x20\x0c\x20\x04\x20\x04\x20\x04\x20\x04\x20\x04\x20\x04\x20\x04\x20\x04\x10\x08\x0f\xf0\x00\x00\x00\x00" + // U+041E
	"\x00\x00\x1f\xf8\x10\x18\x10\x08\x10\x08\x10\x08\x10\x08\x10\x08\x10\x08\x10\x08\x10\x08\x10\x08\x10\x08\x10\x08\x00\x00\x00\x00" + // U+041F
	"\x00\x00\x3f\xe0\x20\x10\x20\x08\x20\x08\x20\x08\x20\x08\x20\x10\x3f\xe0\x20\x00\x20\x00\x20\x00\x20\x00\x20\x00\x00\x00\x00\x00" + // U+0420
	"\x00\x00\x0f\xe0\x10\x10\x20\x08\x20\x08\x20\x00\x20\x00\x20\x00\x20\x00\x20\x08\x20\x08\x20\x08\x10\x10\x0f\xe0\x00\x00\x00\x00" + // U+0421
	"\x00\x00\x3f\xf8\x01\x00\x01\x00\x01\x00\x01\x00\x01\x00\x01\x00\x01\x00\x01\x00\x01\x00\x01\x00\x01\x00\x01\x00\x00\x00\x00\x00" + // U+0422
	"\x00\x00\x20\x08\x20\x08\x10\x10\x08\x20\x08\x20\x04\x40\x02\x80\x02\x80\x01\x00\x02\x00\x02\x00\x04\x00\x08\x00\x00\x00\x00\x00" + // U+0423
	"\x00\x00\x01\x00\x0f\xf0\x11\x18\x21\x0c\x21\x04\x21\x04\x21\x04\x21\x04\x21\x04\x21\x04\x11\x08\x0f\xf0\x01\x00\x00\x00\x00\x00" + // U+0424
	"\x00\x00\x20\x08\x10\x10\x08\x20\x08\x20\x04\x40\x02\x80\x01\x00\x02\x80\x04\x40\x08\x20\x08\x20\x10\x10\x20\x08\x00\x00\x00\x00" + // U+0425
	"\x00\x00\x20\x10\x20\x10\x20\x10\x20\x10\x20\x10\x20\x10\x20\x10\x20\x10\x20\x10\x20\x10\x20\x10\x20\x10\x3f\xf8\x00\x08\x00\x00" + // U+0426
	"\x00\x00\x10\x08\x10\x08\x10\x08\x10\x08\x10\x08\x10\x08\x10\x08\x10\x18\x08\x28\x07\xc8\x00\x08\x00\x08\x00\x08\x00\x00\x00\x00" + // U+0427
	"\x00\x00\x41\x04\x41\x04\x41\x04\x41\x04\x41\x04\x41\x04\x41\x04\x41\x04\x41\x04\x41\x04\x41\x04\x41\x04\x7f\xfc\x00\x00\x00\x00" + // U+0428
	"\x00\x00\x41\x04\x41\x04\x41\x04\x41\x04\x41\x04\x41\x04\x41\x04\x41\x04\x41\x04\x41\x04\x41\x04\x41\x04\x7f\xfe\x00\x02\x00\x00" + // U+0429
	"\x00\x00\x7c\x00\x04\x00\x04\x00\x04\x00\x04\x00\x07\xf8\x04\x04\x04\x02\x04\x02\x04\x02\x04\x02\x04\x04\x07\xf8\x00\x00\x00\x00" + // U+042A
	"\x00\x00\x40\x04\x40\x04\x40\x04\x40\x04\x40\x04\x7f\x84\x40\x44\x40\x24\x40\x24\x40\x24\x40\x24\x40\x44\x7f\x84\x00\x00\x00\x00" + // U+042B
	"\x00\x00\x10\x00\x10\x00\x10\x00\x10\x00\x10\x00\x1f\xe0\x10\x10\x10\x08\x10\x08\x10\x08\x10\x08\x10\x10\x1f\xe0\x00\x00\x00\x00" + // U+042C
	"\x00\x00\x0f\xf0\x10\x18\x20\x0c\x20\x04\x00\x04\x00\x04\x07\xfc\x00\x04\x00\x04\x20\x04\x20\x04\x10\x08\x0f\xf0\x00\x00\x00\x00" + // U+042D
	"\x00\x00\x41\xf8\x42\x04\x44\x06\x44\x02\x44\x02\x44\x02\x7c\x02\x44\x02\x44\x02\x44\x02\x44\x02\x42\x04\x41\xf8\x00\x00\x00\x00" + // U+042E
	"\x00\x00\x0f\xf8\x10\x08\x20\x08\x20\x08\x20\x08\x10\x08\x0f\xf8\x10\x08\x10\x08\x10\x08\x20\x08\x20\x08\x20\x08\x00\x00\x00\x00" + // U+042F
	"\x00\x00\x00\x00\x00\x00\x00\x00\x00\x00\x0f\xc0\x10\x20\x00\x20\x0f\xe0\x10\x20\x10\x20\x10\x20\x10\x60\x0f\x90\x00\x00\x00\x00" + // U+0430
	"\x00\x00\x00\x00\x01\xe0\x06\x00\x08\x00\x0f\xc0\x18\x20\x10\x10\x10\x10\x10\x10\x10\x10\x10\x10\x08\x20\x07\xc0\x00\x00\x00\x00" + // U+0431
	"\x00\x00\x00\x00\x00\x00\x00\x00\x00\x00\x0f\xe0\x08\x10\x08\x10\x08\x10\x0f\xe0\x08\x10\x08\x10\x08\x10\x0f\xe0\x00\x00\x00\x00" + // U+0432
	"\x00\x00\x00\x00\x00\x00\x00\x00\x00\x00\x0f\xe0\x08\x00\x08\x00\x08\x00\x08\x00\x08\x00\x08\x00\x08\x00\x08\x00\x00\x00\x00\x00" + // U+0433
	"\x00\x00\x00\x00\x00\x00\x00\x00\x00\x00\x07\xe0\x04\x20\x04\x20\x04\x20\x04\x20\x04\x20\x08\x20\x08\x20\x3f\xf8\x20\x08\x00\x00" + // U+0434
	"\x00\x00\x00\x00\x00\x00\x00\x00\x00\x00\x07\xc0\x08\x20\x10\x10\x10\x10\x1f\xf0\x10\x00\x10\x10\x08\x20\x07\xc0\x00\x00\x00\x00" + // U+0435
	"\x00\x00\x00\x00\x00\x00\x00\x00\x00\x00\x21\x08\x21\x08\x11\x10\x11\x10\x0f\xe0\x09\x20\x11\x10\x11\x10\x21\x08\x00\x00\x00\x00" + // U+0436
	"\x00\x00\x00\x00\x00\x00\x00\x00\x00\x00\x07\xe0\x08\x10\x08\x10\x00\x10\x03\xe0\x00\x10\x08\x10\x08\x10\x07\xe0\x00\x00\x00\x00" + // U+0437
	"\x00\x00\x00\x00\x00\x00\x00\x00\x00\x00\x08\x10\x08\x30\x08\x50\x08\x90\x09\x10\x09\x10\x0a\x10\x0c\x10\x08\x10\x00\x00\x00\x00" + // U+0438
	"\x00\x00\x00\x00\x04\x40\x03\x80\x00\x00\x08\x10\x08\x30\x08\x50\x08\x90\x09\x10\x09\x10\x0a\x10\x0c\x10\x08\x10\x00\x00\x00\x00" + // U+0439
	"\x00\x00\x00\x00\x00\x00\x00\x00\x00\x00\x10\x20\x10\x20\x10\x40\x10\x80\x1f\x00\x10\x80\x10\x40\x10\x20\x10\x10\x00\x00\x00\x00" + // U+043A
	"\x00\x00\x00\x00\x00\x00\x00\x00\x00\x00\x07\xf8\x04\x08\x04\x08\x04\x08\x04\x08\x04\x08\x08\x08\x08\x08\x10\x08\x00\x00\x00\x00" + // U+043B
	"\x00\x00\x00\x00\x00\x00\x00\x00\x00\x00\x10\x08\x18\x18\x18\x18\x14\x28\x14\x28\x12\x48\x12\x48\x11\x88\x11\x88\x00\x00\x00\x00" + // U+043C
	"\x00\x00\x00\x00\x00\x00\x00\x00\x00\x00\x08\x10\x08\x10\x08\x10\x08\x10\x0f\xf0\x08\x10\x08\x10\x08\x10\x08\x10\x00\x00\x00\x00" + // U+043D
	"\x00\x00\x00\x00\x00\x00\x00\x00\x00\x00\x07\xc0\x08\x20\x10\x10\x10\x10\x10\x10\x10\x10\x10\x10\x08\x20\x07\xc0\x00\x00\x00\x00" + // U+043E
	"\x00\x00\x00\x00\x00\x00\x00\x00\x00\x00\x0f\xf0\x08\x10\x08\x10\x08\x10\x08\x10\x08\x10\x08\x10\x08\x10\x08\x10\x00\x00\x00\x00" + // U+043F
	"\x00\x00\x00\x00\x00\x00\x00\x00\x00\x00\x17\xc0\x18\x20\x10\x10\x10\x10\x10\x10\x10\x10\x18\x20\x17\xc0\x10\x00\x10\x00\x00\x00" + // U+0440
	"\x00\x00\x00\x00\x00\x00\x00\x00\x00\x00\x07\xc0\x08\x20\x10\x10\x10\x00\x10\x00\x10\x00\x10\x10\x08\x20\x07\xc0\x00\x00\x00\x00" + // U+0441
	"\x00\x00\x00\x00\x00\x00\x00\x00\x00\x00\x1f\xf0\x01\x00\x01\x00\x01\x00\x01\x00\x01\x00\x01\x00\x01\x00\x01\x00\x00\x00\x00\x00" + // U+0442
	"\x00\x00\x00\x00\x00\x00\x00\x00\x00\x00\x08\x10\x08\x10\x04\x20\x04\x20\x02\x40\x02\x40\x01\x80\x00\x80\x01\x00\x02\x00\x00\x00" + // U+0443
	"\x00\x00\x01\x00\x01\x00\x01\x00\x1d\x70\x23\x88\x41\x04\x41\x04\x41\x04\x41\x04\x41\x04\x23\x88\x1d\x70\x01\x00\x01\x00\x00\x00" + // U+0444
	"\x00\x00\x00\x00\x00\x00\x00\x00\x00\x00\x10\x10\x08\x20\x04\x40\x02\x80\x01\x00\x02\x80\x04\x40\x08\x20\x10\x10\x00\x00\x00\x00" + // U+0445
	"\x00\x00\x00\x00\x00\x00\x00\x00\x00\x00\x10\x20\x10\x20\x10\x20\x10\x20\x10\x20\x10\x20\x10\x20\x10\x20\x1f\xf8\x00\x08\x00\x00" + // U+0446
	"\x00\x00\x00\x00\x00\x00\x00\x00\x00\x00\x08\x10\x08\x10\x08\x10\x08\x10\x08\x10\x08\x30\x07\xd0\x00\x10\x00\x10\x00\x00\x00\x00" + // U+0447
	"\x00\x00\x00\x00\x00\x00\x00\x00\x00\x00\x21\x08\x21\x08\x21\x08\x21\x08\x21\x08\x21\x08\x21\x08\x21\x08\x3f\xf8\x00\x00\x00\x00" + // U+0448
	"\x00\x00\x00\x00\x00\x00\x00\x00\x00\x00\x42\x10\x42\x10\x42\x10\x42\x10\x42\x10\x42\x10\x42\x10\x42\x10\x7f\xfc\x00\x04\x00\x00" + // U+0449
	"\x00\x00\x00\x00\x00\x00\x00\x00\x00\x00\x3c\x00\x04\x00\x04\x00\x07\xf0\x04\x08\x04\x08\x04\x08\x04\x08\x07\xf0\x00\x00\x00\x00" + // U+044A
	"\x00\x00\x00\x00\x00\x00\x00\x00\x00\x00\x10\x08\x10\x08\x10\x08\x1f\xc8\x10\x28\x10\x28\x10\x28\x10\x28\x1f\xc8\x00\x00\x00\x00" + // U+044B
	"\x00\x00\x00\x00\x00\x00\x00\x00\x00\x00\x08\x00\x08\x00\x08\x00\x0f\xe0\x08\x10\x08\x10\x08\x10\x08\x10\x0f\xe0\x00\x00\x00\x00" + // U+044C
	"\x00\x00\x00\x00\x00\x00\x00\x00\x00\x00\x07\xe0\x08\x10\x08\x10\x00\x10\x03\xf0\x00\x10\x08\x10\x08\x10\x07\xe0\x00\x00\x00\x00" + // U+044D
	"\x00\x00\x00\x00\x00\x00\x00\x00\x00\x00\x21\xe0\x22\x10\x24\x08\x24\x08\x3c\x08\x24\x08\x24\x08\x22\x10\x21\xe0\x00\x00\x00\x00" + // U+044E
	"\x00\x00\x00\x00\x00\x00\x00\x00\x00\x00\x07\xf0\x08\x10\x08\x10\x08\x10\x07\xf0\x04\x10\x08\x10\x08\x10\x08\x10\x00\x00\x00\x00" + // U+044F
	"\x00\x00\x00\x00\x0c\x60\x0c\x60\x00\x00\x07\xc0\x08\x20\x10\x10\x10\x10\x1f\xf0\x10\x00\x10\x10\x08\x20\x07\xc0\x00\x00\x00\x00" + // U+0451
	"\x00\x00\x00\x00\x00\x00\x00\x00\x00\x00\x00\x00\x00\x00\x00\x00\x00\x00\x00\x00\x00\x00\x00\x00\x00\x00\x00\x00\x00\x00\x00\x00" + // U+2003
	"\x00\x00\x00\x00\x00\x00\x00\x00\x00\x00\x00\x00\x00\x00\x0f\xe0\x00\x00\x00\x00\x00\x00\x00\x00\x00\x00\x00\x00\x00\x00\x00\x00" + // U+2010
	"\x00\x00\x00\x00\x00\x00\x00\x00\x00\x00\x00\x00\x00\x00\x00\x00\x00\x00\x7e\x00\x00\x00\x00\x00\x00\x00\x00\x00\x00\x00\x00\x00" + // U+2011
	"\x00\x00\x00\x00\x00\x00\x00\x00\x00\x00\x00\x00\x00\x00\xff\xff\x00\x00\x00\x00\x00\x00\x00\x00\x00\x00\x00\x00\x00\x00\x00\x00" + // U+2015
	"\x00\x00\x08\x00\x10\x00\x18\x00\x18\x00\x00\x00\x00\x00\x00\x00\x00\x00\x00\x00\x00\x00\x00\x00\x00\x00\x00\x00\x00\x00\x00\x00" + // U+2018
	"\x00\x00\x18\x00\x18\x00\x08\x00\x10\x00\x00\x00\x00\x00\x00\x00\x00\x00\x00\x00\x00\x00\x00\x00\x00\x00\x00\x00\x00\x00\x00\x00" + // U+2019
	"\x00\x00\x12\x00\x24\x00\x36\x00\x36\x00\x00\x00\x00\x00\x00\x00\x00\x00\x00\x00\x00\x00\x00\x00\x00\x00\x00\x00\x00\x00\x00\x00" + // U+201C
	"\x00\x00\x6c\x00\x6c\x00\x24\x00\x48\x00\x00\x00\x00\x00\x00\x00\x00\x00\x00\x00\x00\x00\x00\x00\x00\x00\x00\x00\x00\x00\x00\x00" + // U+201D
	"\x00\x00\x01\x00\x01\x00\x01\x00\x01\x00\x0f\xe0\x01\x00\x01\x00\x01\x00\x01\x00\x01\x00\x01\x00\x01\x00\x01\x00\x01\x00\x00\x00" + // U+2020
	"\x00\x00\x01\x00\x01\x00\x01\x00\x0f\xe0\x01\x00\x01\x00\x01\x00\x01\x00\x01\x00\x01\x00\x0f\xe0\x01\x00\x01\x00\x01\x00\x00\x00" + // U+2021
	"\x00\x00\x00\x00\x00\x00\x00\x00\x00\x00\x00\x00\x00\x00\x18\x18\x18\x18\x00\x00\x00\x00\x00\x00\x00\x00\x00\x00\x00\x00\x00\x00" + // U+2025
	"\x00\x00\x00\x00\x00\x00\x00\x00\x00\x00\x00\x00\x00\x00\x31\x8c\x31\x8c\x00\x00\x00\x00\x00\x00\x00\x00\x00\x00\x00\x00\x00\x00" + // U+2026
	"\x00\x00\x70\x40\xc8\x80\x89\x00\x89\x00\x8a\x00\x7c\x00\x08\x00\x0b\x9c\x14\x62\x24\x62\x24\x62\x44\x62\x83\x9c\x00\x00\x00\x00" + // U+2030
	"\x10\x00\x30\x00\x20\x00\x40\x00\x00\x00\x00\x00\x00\x00\x00\x00\x00\x00\x00\x00\x00\x00\x00\x00\x00\x00\x00\x00\x00\x00\x00\x00" + // U+2032
	"\x12\x00\x36\x00\x24\x00\x48\x00\x00\x00\x00\x00\x00\x00\x00\x00\x00\x00\x00\x00\x00\x00\x00\x00\x00\x00\x00\x00\x00\x00\x00\x00" + // U+2033
	"\x00\x00\x00\x00\x21\x8c\x11\x98\x08\x30\x04\x60\x23\xc8\x31\x8c\x33\x88\x06\x40\x0c\x20\x19\x10\x21\x88\x21\x00\x00\x00\x00\x00" + // U+203B
	"\x60\x00\xd1\xf8\x96\x04\x74\x02\x08\x02\x08\x00\x08\x00\x08\x00\x08\x00\x08\x00\x08\x02\x04\x02\x06\x04\x01\xf8\x00\x00\x00\x00" + // U+2103
	"\x01\x80\x02\x40\x02\x40\x01\x80\x00\x00\x01\x80\x02\x40\x02\x40\x04\x20\x04\x20\x08\x10\x0f\xf0\x10\x08\x10\x08\x20\x04\x00\x00" + // U+212B
	"\x00\x00\x00\x00\x00\x00\x00\x00\x18\x00\x30\x00\x7f\xfc\x7f\xfc\x20\x00\x18\x00\x08\x00\x00\x00\x00\x00\x00\x00\x00\x00\x00\x00" + // U+2190
	"\x00\x00\x01\x80\x03\xc0\x05\x60\x09\x20\x01\x00\x01\x00\x01\x00\x01\x00\x01\x00\x01\x00\x01\x00\x01\x00\x01\x00\x00\x00\x00\x00" + // U+2191
	"\x00\x00\x00\x00\x00\x00\x00\x00\x00\x10\x00\x08\x7f\xfc\x7f\xfc\x00\x08\x00\x10\x00\x00\x00\x00\x00\x00\x00\x00\x00\x00\x00\x00" + // U+2192
	"\x00\x00\x01\x00\x01\x00\x01\x00\x01\x00\x01\x00\x01\x00\x01\x00\x01\x00\x01\x00\x01\x00\x05\x20\x03\xc0\x01\x80\x00\x00\x00\x00" + // U+2193
	"\x00\x00\x00\x00\x00\x00\x00\x40\x00\x20\x7f\xf0\x00\x08\x00\x04\x00\x06\x00\x04\x00\x08\x7f\xf0\x00\x20\x00\x40\x00\x00\x00\x00" + // U+21D2
	"\x00\x00\x00\x00\x00\x00\x04\x40\x08\x20\x1f\xf0\x20\x08\x40\x04\xc0\x02\x40\x04\x20\x08\x1f\xf0\x08\x20\x04\x40\x00\x00\x00\x00" + // U+21D4
	"\x00\x00\x00\x00\x20\x04\x20\x04\x10\x08\x1f\xf8\x08\x10\x08\x10\x04\x20\x04\x20\x02\x40\x02\x40\x01\x80\x01\x80\x00\x00\x00\x00" + // U+2200
	"\x00\x00\x03\xc0\x04\x20\x08\x10\x00\x10\x00\x10\x03\xd0\x04\x30\x08\x10\x10\x20\x10\x20\x10\x40\x10\x80\x0f\x00\x00\x00\x00\x00" + // U+2202
	"\x00\x00\x00\x00\x1f\xf0\x00\x10\x00\x10\x00\x10\x00\x10\x1f\xf0\x00\x10\x00\x10\x00\x10\x00\x10\x00\x10\x1f\xf0\x00\x00\x00\x00" + // U+2203
	"\x00\x00\x00\x00\x3f\xfc\x10\x18\x18\x08\x08\x10\x0c\x10\x04\x20\x06\x20\x02\x40\x03\x40\x01\x80\x01\x80\x00\x00\x00\x00\x00\x00" + // U+2207
	"\x00\x00\x00\x00\x00\x00\x0f\xf8\x18\x00\x10\x00\x20\x00\x3f\xf8\x3f\xf8\x20\x00\x10\x00\x18\x00\x0f\xf8\x03\xf8\x00\x00\x00\x00" + // U+2208
	"\x00\x00\x00\x00\x00\x00\x3f\xf0\x00\x30\x00\x18\x00\x08\x1f\xf8\x1f\xf8\x00\x08\x00\x18\x00\x30\x1f\xf0\x1f\xc0\x00\x00\x00\x00" + // U+220B
	"\x00\x3e\x00\x20\x00\x20\x00\x40\x00\x40\x00\x80\x00\x80\x01\x00\x11\x00\x32\x00\x52\x00\x14\x00\x0c\x00\x08\x00\x08\x00\x00\x00" + // U+221A
	"\x00\x00\x00\x00\x00\x00\x00\x00\x0e\x38\x11\x44\x20\x80\x20\x80\x20\x80\x11\x44\x0e\x38\x00\x00\x00\x00\x00\x00\x00\x00\x00\x00" + // U+221D
	"\x00\x00\x00\x00\x00\x00\x00\x00\x1c\x38\x22\x44\x41\x82\x41\x82\x41\x82\x22\x44\x1c\x38\x00\x00\x00\x00\x00\x00\x00\x00\x00\x00" + // U+221E
	"\x00\x00\x00\x00\x00\x10\x00\x20\x00\x40\x00\x80\x00\x80\x01\x00\x02\x00\x04\x00\x04\x00\x08\x00\x10\x00\x3f\xfc\x00\x00\x00\x00" + // U+2220
	"\x00\x00\x00\x00\x01\x00\x01\x00\x02\x80\x02\x80\x04\x40\x04\x40\x08\x20\x08\x20\x10\x10\x10\x10\x20\x08\x20\x08\x00\x00\x00\x00" + // U+2227
	"\x00\x00\x00\x00\x20\x08\x20\x08\x10\x10\x10\x10\x08\x20\x08\x20\x04\x40\x04\x40\x02\x80\x02\x80\x01\x00\x01\x00\x00\x00\x00\x00" + // U+2228
	"\x00\x00\x00\x00\x00\x00\x03\xc0\x0c\x30\x08\x10\x10\x08\x10\x08\x10\x08\x10\x08\x10\x08\x10\x08\x10\x08\x10\x08\x00\x00\x00\x00" + // U+2229
	"\x00\x00\x00\x00\x00\x00\x10\x08\x10\x08\x10\x08\x10\x08\x10\x08\x10\x08\x10\x08\x10\x08\x08\x10\x0c\x30\x03\xc0\x00\x00\x00\x00" + // U+222A
	"\x00\x60\x00\x90\x00\x80\x00\x80\x01\x00\x01\x00\x01\x00\x01\x00\x01\x00\x01\x00\x01\x00\x02\x00\x02\x00\x12\x00\x0c\x00\x00\x00" + // U+222B
	"\x03\x18\x04\xa4\x04\x20\x04\x20\x04\x20\x04\x20\x04\x20\x08\x40\x08\x40\x08\x40\x08\x40\x08\x40\x08\x40\x4a\x40\x31\x80\x00\x00" + // U+222C
	"\x00\x00\x00\x00\x00\x00\x01\x80\x01\x80\x00\x00\x00\x00\x00\x00\x00\x00\x00\x00\x00\x00\x30\x0c\x30\x0c\x00\x00\x00\x00\x00\x00" + // U+2234
	"\x00\x00\x00\x00\x00\x00\x30\x0c\x30\x0c\x00\x00\x00\x00\x00\x00\x00\x00\x00\x00\x00\x00\x00\x00\x01\x80\x01\x80\x00\x00\x00\x00" + // U+2235
	"\x00\x00\x00\x00\x00\x00\x00\x00\x00\x00\x00\x00\x00\x00\x00\x00\x32\x00\x4c\x00\x00\x00\x00\x00\x00\x00\x00\x00\x00\x00\x00\x00" + // U+223C
	"\x00\x00\x00\x00\x00\x00\x00\x00\x18\x38\x20\x44\x40\x82\x41\x02\x41\x02\x22\x04\x1c\x18\x00\x00\x00\x00\x00\x00\x00\x00\x00\x00" + // U+223D
	"\x00\x00\x00\x00\x0c\x00\x0c\x00\x00\x00\x00\x00\x3f\xf8\x00\x00\x00\x00\x3f\xf8\x00\x00\x00\x00\x00\x60\x00\x60\x00\x00\x00\x00" + // U+2252
	"\x00\x00\x00\x00\x00\x00\x00\x20\x00\x40\x00\x80\x3f\xf8\x01\x00\x02\x00\x3f\xf8\x04\x00\x08\x00\x10\x00\x00\x00\x00\x00\x00\x00" + // U+2260
	"\x00\x00\x00\x00\x00\x00\x00\x00\x3f\xf8\x00\x00\x00\x00\x3f\xf8\x00\x00\x00\x00\x3f\xf8\x00\x00\x00\x00\x00\x00\x00\x00\x00\x00" + // U+2261
	"\x00\x00\x00\x1c\x00\xe0\x07\x00\x18\x00\x18\x00\x07\x00\x00\xe0\x00\x1c\x00\x00\x3f\xfc\x00\x00\x00\x00\x3f\xfc\x00\x00\x00\x00" + // U+2266
	"\x00\x00\x38\x00\x07\x00\x00\xe0\x00\x18\x00\x18\x00\xe0\x07\x00\x38\x00\x00\x00\x3f\xfc\x00\x00\x00\x00\x3f\xfc\x00\x00\x00\x00" + // U+2267
	"\x00\x00\x00\x00\x00\x00\x00\x44\x01\x98\x02\x20\x0c\xc0\x11\x00\x22\x00\x11\x00\x0c\xc0\x02\x20\x01\x98\x00\x44\x00\x00\x00\x00" + // U+226A
	"\x00\x00\x00\x00\x00\x00\x22\x00\x19\x80\x04\x40\x03\x30\x00\x88\x00\x4c\x00\x88\x03\x30\x04\x40\x19\x80\x22\x00\x00\x00\x00\x00" + // U+226B
	"\x00\x00\x00\x00\x00\x00\x07\xf8\x18\x00\x10\x00\x20\x00\x20\x00\x20\x00\x20\x00\x10\x00\x18\x00\x07\xf8\x00\x00\x00\x00\x00\x00" + // U+2282
	"\x00\x00\x00\x00\x00\x00\x3f\xc0\x00\x30\x00\x10\x00\x08\x00\x08\x00\x08\x00\x08\x00\x10\x00\x30\x3f\xc0\x00\x00\x00\x00\x00\x00" + // U+2283
	"\x00\x00\x00\x00\x0f\xf8\x10\x00\x20\x00\x20\x00\x20\x00\x20\x00\x20\x00\x10\x00\x0f\xf8\x00\x00\x00\x00\x3f\xf8\x00\x00\x00\x00" + // U+2286
	"\x00\x00\x00\x00\x3f\xe0\x00\x10\x00\x08\x00\x08\x00\x08\x00\x08\x00\x08\x00\x10\x3f\xe0\x00\x00\x00\x00\x3f\xf8\x00\x00\x00\x00" + // U+2287
	"\x00\x00\x00\x00\x00\x00\x01\x00\x01\x00\x01\x00\x01\x00\x01\x00\x01\x00\x01\x00\x01\x00\x01\x00\x01\x00\x3f\xf8\x00\x00\x00\x00" + // U+22A5
	"\x00\x00\x07\xe0\x18\x18\x20\x04\x40\x02\x00\x00\x00\x00\x00\x00\x00\x00\x00\x00\x00\x00\x00\x00\x00\x00\x00\x00\x00\x00\x00\x00" + // U+2312
	"\x00\x04\x00\x04\x00\x08\x00\x08\x00\x10\x00\x10\x00\x20\x00\x20\x00\x20\x00\x10\x00\x10\x00\x08\x00\x08\x00\x04\x00\x04\x00\x00" + // U+2329
	"\x20\x00\x20\x00\x10\x00\x10\x00\x08\x00\x08\x00\x04\x00\x04\x00\x04\x00\x08\x00\x08\x00\x10\x00\x10\x00\x20\x00\x20\x00\x00\x00" + // U+232A
	"\x00\x00\x00\x00\x00\x00\x00\x00\x00\x00\x00\x00\xff\xfe\xff\xfe\x00\x00\x00\x00\x00\x00\x00\x00\x00\x00\x00\x00\x00\x00\x00\x00" + // U+2500
	"\x00\x00\x00\x00\x00\x00\x00\x00\x00\x00\x00\x00\xff\xfe\xff\xff\xff\xfe\x00\x00\x00\x00\x00\x00\x00\x00\x00\x00\x00\x00\x00\x00" + // U+2501
	"\x01\x00\x01\x00\x01\x00\x01\x00\x01\x00\x01\x00\x01\x00\x01\x00\x01\x00\x01\x00\x01\x00\x01\x00\x01\x00\x01\x00\x01\x00\x00\x00" + // U+2502
	"\x01\x80\x01\x80\x01\x80\x01\x80\x01\x80\x01\x80\x01\x80\x01\x80\x01\x80\x01\x80\x01\x80\x01\x80\x01\x80\x01\x80\x01\x80\x01\x00" + // U+2503
	"\x00\x00\x00\x00\x00\x00\x00\x00\x00\x00\x00\x00\x01\xfe\x01\xfe\x01\x00\x01\x00\x01\x00\x01\x00\x01\x00\x01\x00\x01\x00\x00\x00" + // U+250C
	"\x00\x00\x00\x00\x00\x00\x00\x00\x00\x00\x00\x00\x01\xfe\x01\xff\x01\xfe\x01\x80\x01\x80\x01\x80\x01\x80\x01\x80\x01\x80\x01\x00" + // U+250F
	"\x00\x00\x00\x00\x00\x00\x00\x00\x00\x00\x00\x00\xfe\x00\xff\x00\x01\x00\x01\x00\x01\x00\x01\x00\x01\x00\x01\x00\x01\x00\x00\x00" + // U+2510
	"\x00\x00\x00\x00\x00\x00\x00\x00\x00\x00\x00\x00\xff\x00\xff\x80\xff\x80\x01\x80\x01\x80\x01\x80\x01\x80\x01\x80\x01\x80\x01\x00" + // U+2513
	"\x01\x00\x01\x00\x01\x00\x01\x00\x01\x00\x01\x00\x01\xfe\x01\xfe\x00\x00\x00\x00\x00\x00\x00\x00\x00\x00\x00\x00\x00\x00\x00\x00" + // U+2514
	"\x01\x80\x01\x80\x01\x80\x01\x80\x01\x80\x01\x80\x01\xfe\x01\xff\x01\xfe\x00\x00\x00\x00\x00\x00\x00\x00\x00\x00\x00\x00\x00\x00" + // U+2517
	"\x01\x00\x01\x00\x01\x00\x01\x00\x01\x00\x01\x00\xff\x00\xff\x00\x00\x00\x00\x00\x00\x00\x00\x00\x00\x00\x00\x00\x00\x00\x00\x00" + // U+2518
	"\x01\x80\x01\x80\x01\x80\x01\x80\x01\x80\x01\x80\xff\x80\xff\x80\xff\x80\x00\x00\x00\x00\x00\x00\x00\x00\x00\x00\x00\x00\x00\x00" + // U+251B
	"\x01\x00\x01\x00\x01\x00\x01\x00\x01\x00\x01\x00\x01\xfe\x01\xfe\x01\x00\x01\x00\x01\x00\x01\x00\x01\x00\x01\x00\x01\x00\x00\x00" + // U+251C
	"\x01\x00\x01\x00\x01\x00\x01\x00\x01\x00\x01\x00\x01\xfe\x01\xff\x01\xfe\x01\x00\x01\x00\x01\x00\x01\x00\x01\x00\x01\x00\x00\x00" + // U+251D
	"\x01\x80\x01\x80\x01\x80\x01\x80\x01\x80\x01\x80\x01\xfe\x01\xfe\x01\x80\x01\x80\x01\x80\x01\x80\x01\x80\x01\x80\x01\x80\x01\x00" + // U+2520
	"\x01\x80\x01\x80\x01\x80\x01\x80\x01\x80\x01\x80\x01\xfe\x01\xff\x01\xfe\x01\x80\x01\x80\x01\x80\x01\x80\x01\x80\x01\x80\x01\x00" + // U+2523
	"\x01\x00\x01\x00\x01\x00\x01\x00\x01\x00\x01\x00\xff\x00\xff\x00\x01\x00\x01\x00\x01\x00\x01\x00\x01\x00\x01\x00\x01\x00\x00\x00" + // U+2524
	"\x01\x00\x01\x00\x01\x00\x01\x00\x01\x00\x01\x00\xff\x00\xff\x00\xff\x00\x01\x00\x01\x00\x01\x00\x01\x00\x01\x00\x01\x00\x00\x00" + // U+2525
	"\x01\x80\x01\x80\x01\x80\x01\x80\x01\x80\x01\x80\xff\x80\xff\x80\x01\x80\x01\x80\x01\x80\x01\x80\x01\x80\x01\x80\x01\x80\x01\x00" + // U+2528
	"\x01\x80\x01\x80\x01\x80\x01\x80\x01\x80\x01\x80\xff\x80\xff\x80\xff\x80\x01\x80\x01\x80\x01\x80\x01\x80\x01\x80\x01\x80\x01\x00" + // U+252B
	"\x00\x00\x00\x00\x00\x00\x00\x00\x00\x00\x00\x00\xff\xfe\xff\xfe\x01\x00\x01\x00\x01\x00\x01\x00\x01\x00\x01\x00\x01\x00\x00\x00" + // U+252C
	"\x00\x00\x00\x00\x00\x00\x00\x00\x00\x00\x00\x00\xff\xfe\xff\xff\xff\xfe\x01\x00\x01\x00\x01\x00\x01\x00\x01\x00\x01\x00\x00\x00" + // U+252F
	"\x00\x00\x00\x00\x00\x00\x00\x00\x00\x00\x00\x00\xff\xfe\xff\xfe\x01\x80\x01\x80\x01\x80\x01\x80\x01\x80\x01\x80\x01\x80\x01\x00" + // U+2530
	"\x00\x00\x00\x00\x00\x00\x00\x00\x00\x00\x00\x00\xff\xfe\xff\xff\xff\xfe\x01\x80\x01\x80\x01\x80\x01\x80\x01\x80\x01\x80\x01\x00" + // U+2533
	"\x01\x00\x01\x00\x01\x00\x01\x00\x01\x00\x01\x00\xff\xfe\xff\xfe\x00\x00\x00\x00\x00\x00\x00\x00\x00\x00\x00\x00\x00\x00\x00\x00" + // U+2534
	"\x01\x00\x01\x00\x01\x00\x01\x00\x01\x00\x01\x00\xff\xfe\xff\xff\xff\xfe\x00\x00\x00\x00\x00\x00\x00\x00\x00\x00\x00\x00\x00\x00" + // U+2537
	"\x01\x80\x01\x80\x01\x80\x01\x80\x01\x80\x01\x80\xff\xfe\xff\xfe\x00\x00\x00\x00\x00\x00\x00\x00\x00\x00\x00\x00\x00\x00\x00\x00" + // U+2538
	"\x01\x80\x01\x80\x01\x80\x01\x80\x01\x80\x01\x80\xff\xfe\xff\xff\xff\xfe\x00\x00\x00\x00\x00\x00\x00\x00\x00\x00\x00\x00\x00\x00" + // U+253B
	"\x01\x00\x01\x00\x01\x00\x01\x00\x01\x00\x01\x00\xff\xfe\xff\xfe\x01\x00\x01\x00\x01\x00\x01\x00\x01\x00\x01\x00\x01\x00\x00\x00" + // U+253C
	"\x01\x00\x01\x00\x01\x00\x01\x00\x01\x00\x01\x00\xff\xfe\xff\xff\xff\xfe\x01\x00\x01\x00\x01\x00\x01\x00\x01\x00\x01\x00\x00\x00" + // U+253F
	"\x01\x80\x01\x80\x01\x80\x01\x80\x01\x80\x01\x80\xff\xfe\xff\xfe\x01\x80\x01\x80\x01\x80\x01\x80\x01\x80\x01\x80\x01\x80\x01\x00" + // U+2542
	"\x01\x80\x01\x80\x01\x80\x01\x80\x01\x80\x01\x80\xff\xfe\xff\xff\xff\xfe\x01\x80\x01\x80\x01\x80\x01\x80\x01\x80\x01\x80\x01\x00" + // U+254B
	"\x7f\xfe\x7f\xfe\x7f\xfe\x7f\xfe\x7f\xfe\x7f\xfe\x7f\xfe\x7f\xfe\x7f\xfe\x7f\xfe\x7f\xfe\x7f\xfe\x7f\xfe\x7f\xfe\x00\x00\x00\x00" + // U+25A0
	"\x7f\xfe\x40\x06\x40\x02\x40\x02\x40\x02\x40\x02\x40\x02\x40\x02\x40\x02\x40\x02\x40\x02\x40\x02\x40\x02\x7f\xfe\x00\x00\x00\x00" + // U+25A1
	"\x00\x00\x00\x00\x00\x00\x01\x00\x03\x80\x07\xc0\x0f\xe0\x0f\xe0\x1f\xf0\x3f\xf8\x7f\xfc\x7f\xfc\xff\xfe\x00\x00\x00\x00\x00\x00" + // U+25B2
	"\x00\x00\x00\x00\x00\x00\x01\x00\x02\x80\x04\x40\x08\x20\x08\x20\x10\x10\x20\x08\x40\x04\x40\x04\xff\xfe\x00\x00\x00\x00\x00\x00" + // U+25B3
	"\x00\x00\x00\x00\x00\x00\x00\x00\xff\xfe\x7f\xfc\x7f\xfc\x3f\xf8\x1f\xf0\x0f\xe0\x0f\xe0\x07\xc0\x03\x80\x01\x00\x00\x00\x00\x00" + // U+25BC
	"\x00\x00\x00\x00\x00\x00\x00\x00\xff\xfe\x60\x04\x40\x04\x20\x08\x10\x10\x08\x20\x08\x20\x04\x40\x02\x80\x01\x00\x00\x00\x00\x00" + // U+25BD
	"\x01\x00\x03\x80\x07\xc0\x0f\xe0\x1f\xf0\x3f\xf8\x7f\xfc\xff\xfe\x7f\xfc\x3f\xf8\x1f\xf0\x0f\xe0\x07\xc0\x03\x80\x01\x00\x00\x00" + // U+25C6
	"\x01\x00\x02\x80\x04\x40\x08\x20\x10\x10\x20\x08\x40\x04\xc0\x02\x40\x04\x20\x08\x10\x10\x08\x20\x04\x40\x02\x80\x01\x00\x00\x00" + // U+25C7
	"\x00\x00\x07\xc0\x1c\x30\x30\x08\x20\x04\x60\x04\x40\x02\x40\x02\x40\x02\x60\x04\x20\x04\x30\x08\x1c\x30\x0f\xe0\x03\x80\x00\x00" + // U+25CB
	"\x00\x00\x07\xc0\x1c\x30\x33\x88\x27\xc4\x6c\x24\x48\x12\x48\x12\x48\x12\x68\x24\x27\xc4\x33\x88\x1c\x30\x0f\xe0\x03\x80\x00\x00" + // U+25CE
	"\x00\x00\x07\xc0\x1f\xf0\x3f\xf8\x3f\xfc\x7f\xfc\x7f\xfe\x7f\xfe\x7f\xfe\x7f\xfc\x3f\xfc\x3f\xf8\x1f\xf0\x0f\xe0\x03\x80\x00\x00" + // U+25CF
	"\x07\xc0\x18\x30\x30\x08\x60\x04\x40\x04\xc0\x02\x80\x02\x80\x02\x80\x02\x80\x02\x40\x04\x40\x04\x20\x08\x18\x30\x07\xc0\x00\x00" + // U+25EF
	"\x01\x00\x01\x00\x01\x00\x03\x80\x03\x80\xff\xfe\x7f\xfc\x1f\xf0\x0f\xe0\x0f\xe0\x0f\xe0\x1e\xf0\x1c\x70\x38\x38\x20\x08\x00\x00" + // U+2605
	"\x01\x00\x01\x00\x01\x00\x02\x80\x02\x80\xfc\x7e\x70\x0c\x10\x10\x08\x20\x08\x20\x09\x20\x12\x90\x14\x50\x38\x38\x20\x08\x00\x00" + // U+2606
	"\x00\x00\x03\x80\x04\x40\x08\x20\x08\x20\x08\x20\x04\x40\x03\x80\x01\x00\x01\x00\x3f\xf8\x01\x00\x01\x00\x01\x00\x01\x00\x00\x00" + // U+2640
	"\x00\x00\x00\x00\x01\xfc\x00\x1c\x00\x1c\x00\x24\x00\x44\x0e\x84\x11\x04\x20\x80\x20\x80\x20\x80\x11\x00\x0e\x00\x00\x00\x00\x00" + // U+2642
	"\x01\x00\x01\x80\x01\x80\x01\xc0\x01\x60\x01\x30\x01\x10\x01\x10\x01\x10\x01\x10\x01\x20\x07\x40\x0f\x00\x0e\x00\x00\x00\x00\x00" + // U+266A
	"\x08\x00\x08\x00\x08\x00\x08\x00\x08\x00\x08\x00\x09\xc0\x0a\x20\x0c\x20\x08\x20\x08\x20\x08\x40\x08\x80\x07\x00\x00\x00\x00\x00" + // U+266D
	"\x00\x40\x02\x40\x02\x40\x02\x78\x03\xc0\x1e\x40\x02\x40\x02\x40\x02\x78\x03\xc0\x1e\x40\x02\x40\x02\x40\x02\x40\x02\x00\x00\x00" + // U+266F
	"\x00\x00\x00\x00\x00\x00\x00\x00\x00\x00\x00\x00\x00\x00\x00\x00\x00\x00\x00\x00\x00\x00\x00\x00\x00\x00\x00\x00\x00\x00\x00\x00" + // U+3000
	"\x00\x00\x00\x00\x00\x00\x00\x00\x00\x00\x00\x00\x00\x00\x00\x00\x00\x00\x00\x00\x00\x00\x40\x00\x60\x00\x30\x00\x10\x00\x00\x00" + // U+3001
	"\x00\x00\x00\x00\x00\x00\x00\x00\x00\x00\x00\x00\x00\x00\x00\x00\x00\x00\x00\x00\x38\x00\x44\x00\x44\x00\x44\x00\x38\x00\x00\x00" + // U+3002
	"\x00\x00\x00\x00\x00\x00\x00\x00\x00\x80\x00\x90\x01\x10\x01\x20\x02\x20\x04\x40\x08\x80\x01\x00\x00\x00\x00\x00\x00\x00\x00\x00" + // U+3003
	"\x00\x00\x00\x00\x01\x00\x01\x00\x03\xfc\x02\x0c\x04\x08\x08\x08\x10\x10\x22\x20\x01\x40\x00\xc0\x00\x20\x00\x10\x00\x00\x00\x00" + // U+3005
	"\x00\x00\x00\x3c\x00\x0c\x00\x08\x00\x10\x07\x20\x08\xc0\x08\xa0\x11\x10\x12\x00\x14\x00\x28\x00\x30\x00\x20\x00\x00\x00\x00\x00" + // U+3006
	"\x00\x00\x07\xe0\x18\x18\x20\x04\x20\x04\x40\x02\x40\x02\x40\x02\x40\x02\x40\x02\x20\x04\x20\x04\x18\x18\x07\xe0\x00\x00\x00\x00" + // U+3007
	"\x00\x04\x00\x04\x00\x08\x00\x08\x00\x10\x00\x10\x00\x20\x00\x20\x00\x20\x00\x10\x00\x10\x00\x08\x00\x08\x00\x04\x00\x04\x00\x00" + // U+3008
	"\x20\x00\x20\x00\x10\x00\x10\x00\x08\x00\x08\x00\x04\x00\x04\x00\x04\x00\x08\x00\x08\x00\x10\x00\x10\x00\x20\x00\x20\x00\x00\x00" + // U+3009
	"\x00\x14\x00\x14\x00\x28\x00\x28\x00\x50\x00\x50\x00\xa0\x00\xa0\x00\xa0\x00\x50\x00\x50\x00\x28\x00\x28\x00\x14\x00\x14\x00\x00" + // U+300A
	"\x28\x00\x28\x00\x14\x00\x14\x00\x0a\x00\x0a\x00\x05\x00\x05\x00\x05\x00\x0a\x00\x0a\x00\x14\x00\x14\x00\x28\x00\x28\x00\x00\x00" + // U+300B
	"\x00\x3c\x00\x20\x00\x20\x00\x20\x00\x20\x00\x20\x00\x20\x00\x20\x00\x20\x00\x20\x00\x20\x00\x20\x00\x20\x00\x20\x00\x00\x00\x00" + // U+300C
	"\x00\x00\x04\x00\x04\x00\x04\x00\x04\x00\x04\x00\x04\x00\x04\x00\x04\x00\x04\x00\x04\x00\x04\x00\x04\x00\x04\x00\x3c\x00\x00\x00" + // U+300D
	"\x00\x7c\x00\x4c\x00\x5c\x00\x50\x00\x50\x00\x50\x00\x50\x00\x50\x00\x50\x00\x50\x00\x50\x00\x50\x00\x50\x00\x70\x00\x00\x00\x00" + // U+300E
	"\x00\x00\x0e\x00\x0a\x00\x0a\x00\x0a\x00\x0a\x00\x0a\x00\x0a\x00\x0a\x00\x0a\x00\x0a\x00\x0a\x00\x3a\x00\x22\x00\x3e\x00\x00\x00" + // U+300F
	"\x00\x7c\x00\x78\x00\x78\x00\x78\x00\x70\x00\x70\x00\x70\x00\x70\x00\x70\x00\x70\x00\x70\x00\x78\x00\x78\x00\x78\x00\x7c\x00\x00" + // U+3010
	"\x3e\x00\x1e\x00\x1e\x00\x1e\x00\x0e\x00\x0e\x00\x0e\x00\x0e\x00\x0e\x00\x0e\x00\x0e\x00\x1e\x00\x1e\x00\x1e\x00\x3e\x00\x00\x00" + // U+3011
	"\x00\x00\x3f\xf8\x00\x00\x00\x00\x00\x00\x00\x00\x3f\xf8\x01\x00\x01\x00\x01\x00\x01\x00\x01\x00\x01\x00\x01\x00\x00\x00\x00\x00" + // U+3012
	"\x00\x00\x3f\xfc\x3f\xfc\x3f\xfc\x3f\xfc\x3f\xfc\x00\x00\x00\x00\x00\x00\x3f\xfc\x3f\xfc\x3f\xfc\x3f\xfc\x3f\xfc\x00\x00\x00\x00" + // U+3013
	"\x00\x04\x00\x08\x00\x10\x00\x20\x00\x20\x00\x20\x00\x20\x00\x20\x00\x20\x00\x20\x00\x20\x00\x20\x00\x10\x00\x08\x00\x04\x00\x00" + // U+3014
	"\x20\x00\x10\x00\x08\x00\x04\x00\x04\x00\x04\x00\x04\x00\x04\x00\x04\x00\x04\x00\x04\x00\x04\x00\x08\x00\x10\x00\x20\x00\x00\x00" + // U+3015
	"\x00\x00\x00\x00\x00\x00\x00\x00\x00\x00\x00\x00\x1c\x02\x23\x02\x40\xc4\x40\x38\x00\x00\x00\x00\x00\x00\x00\x00\x00\x00\x00\x00" + // U+301C
	"\x00\x00\x00\x00\x00\x00\x02\x00\x02\x00\x1f\xf8\x02\x20\x03\xf0\x0e\x28\x12\x44\x22\x84\x23\x04\x26\x08\x19\x18\x00\x60\x00\x00" + // U+3041
	"\x02\x00\x02\x00\x3f\xfc\x02\x00\x02\x08\x03\xd0\x0e\x38\x12\x24\x22\x42\x42\x42\x42\x82\x43\x02\x46\x04\x39\x08\x00\x70\x00\x00" + // U+3042
	"\x00\x00\x00\x00\x00\x00\x00\x00\x00\x00\x20\x40\x20\x20\x20\x20\x20\x10\x20\x10\x20\x08\x21\x08\x12\x08\x0c\x00\x00\x00\x00\x00" + // U+3043
	"\x00\x00\x00\x00\x40\x20\x40\x20\x40\x10\x40\x10\x40\x08\x40\x08\x40\x08\x40\x04\x41\x04\x21\x04\x22\x00\x1c\x00\x00\x00\x00\x00" + // U+3044
	"\x00\x00\x00\x00\x00\x00\x00\x00\x07\xc0\x00\x30\x00\x00\x07\xe0\x18\x10\x00\x08\x00\x08\x00\x08\x00\x10\x00\x60\x07\x80\x00\x00" + // U+3045
	"\x00\x00\x0f\xc0\x00\x38\x00\x00\x00\x00\x07\xf0\x38\x08\x00\x04\x00\x04\x00\x04\x00\x08\x00\x10\x00\x60\x1f\x80\x00\x00\x00\x00" + // U+3046
	"\x00\x00\x00\x00\x00\x00\x00\x00\x0f\xe0\x00\x00\x00\x00\x1f\xe0\x00\xc0\x01\x00\x07\x00\x08\x80\x10\x80\x20\x78\x00\x00\x00\x00" + // U+3047
	"\x00\x00\x0c\x00\x03\xe0\x00\x00\x00\x00\x3f\xf0\x00\x60\x00\x80\x01\x00\x07\x00\x08\x80\x10\x80\x20\x80\x40\x7c\x00\x00\x00\x00" + // U+3048
	"\x00\x00\x00\x00\x00\x00\x04\x00\x04\x60\x3f\x18\x04\x04\x07\xe0\x1c\x10\x24\x08\x44\x08\x44\x08\x44\x10\x38\x20\x01\xc0\x00\x00" + // U+3049
	"\x04\x00\x04\x00\x04\x30\x7f\x8c\x04\x02\x04\x00\x07\xe0\x1c\x18\x24\x04\x44\x04\x84\x04\x84\x04\x44\x08\x38\x10\x01\xe0\x00\x00" + // U+304A
	"\x04\x00\x04\x00\x04\x20\x04\x10\x7f\x88\x08\x48\x08\x44\x10\x44\x10\x42\x10\x40\x20\x40\x20\x80\x40\x80\x4f\x00\x00\x00\x00\x00" + // U+304B
	"\x04\x08\x04\x1c\x04\x1e\x04\x2c\x7f\x90\x08\x48\x08\x44\x10\x44\x10\x42\x10\x40\x20\x40\x20\x80\x40\x80\x4f\x00\x00\x00\x00\x00" + // U+304C
	"\x02\x00\x02\x00\x01\x38\x3f\xc0\x00\x80\x00\x5c\x3f\xe0\x00\x20\x00\x10\x0f\xf8\x10\x0c\x10\x00\x10\x00\x0f\xf8\x00\x00\x00\x00" + // U+304D
	"\x04\x08\x04\x2c\x02\x16\x7f\xf8\x01\x00\x00\xb8\x7f\xc0\x00\x40\x00\x20\x1f\xf0\x20\x18\x20\x00\x20\x00\x1f\xf0\x00\x00\x00\x00" + // U+304E
	"\x00\x00\x00\x10\x00\x20\x00\x40\x01\x80\x02\x00\x0c\x00\x10\x00\x10\x00\x08\x00\x06\x00\x01\x80\x00\x40\x00\x30\x00\x08\x00\x00" + // U+304F
	"\x00\x00\x00\x40\x00\x80\x01\x00\x06\x10\x08\x48\x30\x24\x40\x10\x40\x00\x20\x00\x18\x00\x06\x00\x01\x00\x00\xc0\x00\x20\x00\x00" + // U+3050
	"\x00\x00\x20\x20\x20\x20\x40\x20\x4f\xfc\x40\x20\x40\x20\x40\x20\x40\x20\x40\x20\x40\x20\x40\x40\x40\x40\x40\x80\x43\x00\x00\x00" + // U+3051
	"\x00\x14\x20\x3e\x20\x2a\x40\x20\x4f\xfc\x40\x20\x40\x20\x40\x20\x40\x20\x40\x20\x40\x20\x40\x40\x40\x40\x40\x80\x43\x00\x00\x00" + // U+3052
	"\x00\x00\x00\x00\x1f\xf8\x00\x00\x00\x00\x00\x00\x00\x00\x00\x00\x00\x00\x10\x00\x20\x00\x20\x00\x18\x04\x07\xf8\x00\x00\x00\x00" + // U+3053
	"\x00\x08\x00\x2c\x3f\xf6\x00\x18\x00\x00\x00\x00\x00\x00\x00\x00\x00\x00\x20\x00\x40\x00\x40\x00\x30\x08\x0f\xf0\x00\x00\x00\x00" + // U+3054
	"\x02\x00\x02\x00\x01\x00\x00\x9c\x7f\xe0\x00\x40\x00\x20\x00\x10\x0f\xe8\x10\x1c\x20\x00\x20\x00\x10\x08\x0f\xf0\x00\x00\x00\x00" + // U+3055
	"\x04\x08\x04\x24\x02\x12\x01\x38\xff\xc0\x00\x80\x00\x40\x00\x20\x1f\xd0\x20\x38\x40\x00\x40\x00\x20\x10\x1f\xe0\x00\x00\x00\x00" + // U+3056
	"\x00\x00\x20\x00\x20\x00\x20\x00\x20\x00\x20\x00\x20\x00\x20\x00\x20\x00\x20\x04\x20\x08\x20\x10\x10\x60\x0f\x80\x00\x00\x00\x00" + // U+3057
	"\x00\x00\x20\x00\x20\x40\x21\x20\x20\x90\x20\x40\x20\x00\x20\x00\x20\x00\x20\x04\x20\x08\x20\x10\x10\x60\x0f\x80\x00\x00\x00\x00" + // U+3058
	"\x00\x40\x00\x40\x00\x40\x7f\xfe\x00\x40\x00\x40\x07\x40\x08\xc0\x08\x40\x08\xc0\x07\x40\x00\x40\x00\x80\x01\x00\x06\x00\x00\x00" + // U+3059
	"\x00\xa8\x00\x94\x00\x8a\xff\xf8\x00\x80\x00\x80\x0e\x80\x11\x80\x10\x80\x11\x80\x0e\x80\x00\x80\x01\x00\x02\x00\x0c\x00\x00\x00" + // U+305A
	"\x00\x00\x08\x10\x08\x10\x08\x10\x08\x10\x7f\xfe\x08\x10\x08\x10\x08\x10\x08\x10\x08\xe0\x08\x00\x04\x00\x03\xf8\x00\x00\x00\x00" + // U+305B
	"\x00\x14\x10\x2a\x10\x2a\x10\x20\x10\x20\xff\xfc\x10\x20\x10\x20\x10\x20\x10\x20\x11\xc0\x10\x00\x08\x00\x07\xf0\x00\x00\x00\x00" + // U+305C
	"\x00\x00\x0f\xf8\x00\x30\x00\x40\x01\x80\x02\x00\x0f\xfe\x7c\x60\x01\x80\x02\x00\x04\x00\x04\x00\x04\x00\x02\x00\x01\xf8\x00\x00" + // U+305D
	"\x00\x00\x1f\xf0\x00\x64\x00\x92\x03\x0a\x04\x08\x1f\xfc\xf8\xc0\x03\x00\x04\x00\x08\x00\x08\x00\x08\x00\x04\x00\x03\xf0\x00\x00" + // U+305E
	"\x08\x00\x08\x00\x08\x00\x7f\xc0\x08\x00\x10\x00\x11\xfc\x10\x00\x10\x00\x20\x00\x21\x00\x22\x00\x42\x00\x41\xfc\x00\x00\x00\x00" + // U+305F
	"\x08\x08\x08\x2c\x08\x16\x7f\x98\x08\x00\x10\x00\x11\xfc\x10\x00\x10\x00\x20\x00\x21\x00\x22\x00\x42\x00\x41\xfc\x00\x00\x00\x00" + // U+3060
	"\x01\x00\x01\x00\x02\x00\x3f\xf8\x04\x00\x04\x00\x08\x00\x0b\xf0\x1c\x08\x10\x04\x00\x04\x00\x04\x00\x18\x0f\xe0\x00\x00\x00\x00" + // U+3061
	"\x02\x08\x02\x2c\x04\x16\x7f\xf8\x08\x00\x08\x00\x10\x00\x17\xe0\x38\x10\x20\x08\x00\x08\x00\x08\x00\x30\x1f\xc0\x00\x00\x00\x00" + // U+3062
	"\x00\x00\x00\x00\x00\x00\x00\x00\x00\x00\x00\x00\x07\xf0\x38\x08\x00\x04\x00\x04\x00\x04\x00\x08\x00\x30\x07\xc0\x00\x00\x00\x00" + // U+3063
	"\x00\x00\x00\x00\x00\x00\x07\xf0\x78\x08\x00\x04\x00\x02\x00\x02\x00\x02\x00\x02\x00\x04\x00\x08\x00\x70\x0f\x80\x00\x00\x00\x00" + // U+3064
	"\x00\x08\x00\x24\x00\x12\x0f\xe8\xf0\x10\x00\x08\x00\x04\x00\x04\x00\x04\x00\x04\x00\x08\x00\x10\x00\xe0\x1f\x00\x00\x00\x00\x00" + // U+3065
	"\x00\x00\x00\x00\x7f\xfe\x00\x60\x00\x80\x01\x00\x02\x00\x04\x00\x04\x00\x04\x00\x04\x00\x02\x00\x03\x00\x00\xf8\x00\x00\x00\x00" + // U+3066
	"\x00\x00\x00\x00\xff\xfc\x00\xc0\x01\x08\x02\x24\x04\x12\x08\x08\x08\x00\x08\x00\x08\x00\x04\x00\x06\x00\x01\xf0\x00\x00\x00\x00" + // U+3067
	"\x02\x00\x02\x00\x02\x00\x02\x00\x02\x00\x02\x7c\x03\x80\x0c\x00\x10\x00\x20\x00\x20\x00\x20\x00\x18\x00\x07\xfc\x00\x00\x00\x00" + // U+3068
	"\x04\x08\x04\x2c\x04\x16\x04\x18\x04\x00\x04\xf8\x07\x00\x18\x00\x20\x00\x40\x00\x40\x00\x40\x00\x30\x00\x0f\xf8\x00\x00\x00\x00" + // U+3069
	"\x02\x00\x02\x00\x04\x00\x7f\xbc\x04\x06\x08\x00\x08\x20\x10\x20\x10\x20\x20\x20\x23\xe0\x44\x30\x04\x28\x04\x44\x03\x80\x00\x00" + // U+306A
	"\x00\x00\x10\x00\x10\x00\x13\xfc\x20\x00\x20\x00\x20\x00\x20\x00\x20\x00\x20\x00\x22\x00\x22\x00\x21\x00\x20\xfc\x00\x00\x00\x00" + // U+306B
	"\x00\x40\x20\x40\x20\x80\x2f\xe0\x30\x98\x31\x08\x51\x04\x52\x04\x94\x04\x88\x04\x88\xf4\x99\x0c\x95\x0c\x60\xf2\x00\x00\x00\x00" + // U+306C
	"\x10\x00\x10\x00\x10\x00\x10\x70\x11\x88\xf2\x04\x14\x04\x18\x04\x30\x04\x30\x04\x51\xe4\x92\x18\x92\x1c\x11\xf2\x10\x00\x00\x00" + // U+306D
	"\x00\x00\x00\x00\x03\xe0\x0c\x98\x10\x84\x20\x84\x21\x02\x41\x02\x41\x02\x42\x02\x42\x02\x44\x04\x24\x04\x18\x18\x00\xe0\x00\x00" + // U+306E
	"\x00\x00\x20\x20\x20\x20\x40\x20\x4f\xfc\x40\x20\x40\x20\x40\x20\x40\x20\x40\x20\x47\xe0\x48\x30\x48\x28\x47\xc4\x00\x00\x00\x00" + // U+306F
	"\x00\x14\x40\x4a\x40\x4a\xc0\x40\x9f\xf8\x80\x40\x80\x40\x80\x40\x80\x40\x80\x40\x8f\xc0\x90\x60\x90\x50\x8f\x88\x00\x00\x00\x00" + // U+3070
	"\x00\x0c\x40\x52\x40\x52\xc0\x4c\x9f\xf8\x80\x40\x80\x40\x80\x40\x80\x40\x80\x40\x8f\xc0\x90\x60\x90\x50\x8f\x88\x00\x00\x00\x00" + // U+3071
	"\x00\x00\x00\x00\xfe\x20\x08\x20\x10\x10\x20\x10\x20\x18\x40\x14\x40\x12\x40\x20\x40\x20\x40\x40\x20\x80\x1f\x00\x00\x00\x00\x00" + // U+3072
	"\x00\x14\x00\x0a\xfe\x2a\x08\x20\x10\x10\x20\x10\x20\x18\x40\x14\x40\x12\x40\x20\x40\x20\x40\x40\x20\x80\x1f\x00\x00\x00\x00\x00" + // U+3073
	"\x00\x0c\x00\x12\xfe\x32\x08\x2c\x10\x10\x20\x10\x20\x18\x40\x14\x40\x12\x40\x20\x40\x20\x40\x40\x20\x80\x1f\x00\x00\x00\x00\x00" + // U+3074
	"\x00\x00\x07\x00\x00\xe0\x00\x10\x00\x00\x02\x00\x01\x80\x10\x48\x10\x24\x20\x24\x20\x22\x40\x22\x48\x42\x07\x80\x00\x00\x00\x00" + // U+3075
	"\x00\x00\x0e\x28\x01\xd4\x00\x0a\x00\x00\x04\x00\x03\x00\x20\x90\x20\x48\x40\x48\x40\x44\x80\x44\x90\x84\x0f\x00\x00\x00\x00\x00" + // U+3076
	"\x00\x00\x0e\x0c\x01\xd2\x00\x12\x00\x0c\x04\x00\x03\x00\x20\x90\x20\x48\x40\x48\x40\x44\x80\x44\x90\x84\x0f\x00\x00\x00\x00\x00" + // U+3077
	"\x00\x00\x00\x00\x00\x00\x06\x00\x09\x00\x08\x80\x10\x40\x20\x40\x20\x20\x40\x10\x00\x08\x00\x08\x00\x04\x00\x02\x00\x00\x00\x00" + // U+3078
	"\x00\x00\x00\x00\x00\x08\x0c\x24\x12\x12\x11\x08\x20\x80\x40\x80\x40\x40\x80\x20\x00\x10\x00\x10\x00\x08\x00\x04\x00\x00\x00\x00" + // U+3079
	"\x00\x00\x00\x00\x00\x0c\x06\x16\x09\x12\x08\x8c\x10\x40\x20\x40\x20\x20\x40\x10\x00\x08\x00\x08\x00\x04\x00\x02\x00\x00\x00\x00" + // U+307A
	"\x00\x00\x20\x00\x2f\xfc\x40\x20\x40\x20\x40\x20\x4f\xfc\x40\x20\x40\x20\x40\x20\x47\xe0\x48\x30\x48\x28\x47\xc4\x00\x00\x00\x00" + // U+307B
	"\x00\x28\x20\x1c\x2f\xfe\x40\x20\x40\x20\x40\x20\x4f\xfc\x40\x20\x40\x20\x40\x20\x47\xe0\x48\x30\x48\x28\x47\xc4\x00\x00\x00\x00" + // U+307C
	"\x00\x0c\x20\x16\x2f\xf2\x40\x3c\x40\x20\x40\x20\x4f\xfc\x40\x20\x40\x20\x40\x20\x47\xe0\x48\x30\x48\x28\x47\xc4\x00\x00\x00\x00" + // U+307D
	"\x00\x80\x00\x80\x00\x80\x3f\xfc\x00\x80\x00\x80\x3f\xfc\x00\x80\x00\x80\x00\x80\x1f\x80\x20\xe0\x20\x90\x20\x88\x1f\x04\x00\x00" + // U+307E
	"\x00\x00\x00\x00\x1f\x80\x00\x80\x01\x00\x01\x08\x02\x08\x0f\xc8\x34\x38\x44\x0c\x88\x12\x88\x10\x90\x20\x60\x40\x01\x80\x00\x00" + // U+307F
	"\x08\x00\x08\x00\x08\x20\x7f\x90\x08\x08\x08\x04\x38\x04\x48\x00\x48\x00\x48\x10\x48\x08\x30\x08\x10\x08\x10\x10\x0f\xe0\x00\x00" + // U+3080
	"\x00\x00\x10\x20\x10\x20\x10\x20\x13\xe0\x1c\x58\x18\x84\x28\x82\x49\x02\x49\x02\x46\x02\x44\x04\x4a\x08\x30\x10\x00\x60\x00\x00" + // U+3081
	"\x04\x00\x04\x00\x04\x00\x3f\xc0\x08\x00\x08\x08\x08\x04\x7f\xc4\x08\x02\x08\x02\x08\x02\x08\x02\x08\x04\x04\x08\x03\xf0\x00\x00" + // U+3082
	"\x00\x00\x00\x00\x00\x00\x01\x00\x08\x80\x08\xf8\x0b\x04\x1c\x04\x24\x04\x04\x08\x04\xf0\x02\x00\x02\x00\x01\x00\x01\x00\x00\x00" + // U+3083
	"\x00\x80\x10\x80\x10\x40\x10\x40\x09\xf8\x0e\x04\x38\x02\x48\x02\x04\x02\x04\x0c\x04\xf0\x04\x00\x02\x00\x02\x00\x02\x00\x00\x00" + // U+3084
	"\x00\x00\x00\x00\x00\x00\x00\x80\x21\xc0\x26\xb0\x28\x90\x28\x88\x30\x88\x20\x88\x28\x88\x25\x10\x03\xe0\x06\x00\x18\x00\x00\x00" + // U+3085
	"\x00\x80\x40\x80\x43\xe0\x44\x98\x48\x88\x50\x84\x50\x84\x60\x84\x60\x84\x40\x84\x49\x08\x45\x10\x03\xe0\x06\x00\x18\x00\x00\x00" + // U+3086
	"\x00\x00\x00\x00\x00\x00\x01\x00\x01\x00\x01\x00\x01\xf0\x01\x00\x01\x00\x01\x00\x1f\x00\x21\xc0\x21\x30\x1e\x08\x00\x00\x00\x00" + // U+3087
	"\x01\x00\x01\x00\x01\x00\x01\x00\x01\xf8\x01\x00\x01\x00\x01\x00\x01\x00\x3f\x00\x41\xc0\x41\x30\x41\x08\x3e\x04\x00\x00\x00\x00" + // U+3088
	"\x00\x00\x1f\x80\x00\x60\x00\x00\x10\x00\x10\x00\x20\x00\x23\xe0\x2c\x10\x30\x08\x00\x08\x00\x08\x00\x30\x1f\xc0\x00\x00\x00\x00" + // U+3089
	"\x00\x00\x11\xe0\x12\x10\x24\x10\x28\x08\x28\x08\x30\x08\x30\x08\x20\x08\x20\x08\x00\x10\x00\x10\x00\x20\x01\xc0\x1e\x00\x00\x00" + // U+308A
	"\x00\x00\x00\x00\x1f\xf0\x00\x20\x00\x40\x01\x80\x02\x00\x07\xf0\x18\x08\x20\x04\x0e\x04\x11\x08\x11\x18\x0f\xe0\x00\x00\x00\x00" + // U+308B
	"\x10\x00\x10\x00\x10\x00\x10\xe0\xf1\x10\x12\x10\x14\x10\x18\x10\x30\x10\x30\x20\x50\x20\x50\x20\x90\x22\x90\x1c\x10\x00\x00\x00" + // U+308C
	"\x00\x00\x00\x00\x1f\xf0\x00\x40\x00\x80\x03\x00\x04\x00\x0b\xf0\x3c\x08\x60\x04\x00\x04\x00\x04\x00\x18\x3f\xe0\x00\x00\x00\x00" + // U+308D
	"\x00\x00\x00\x00\x00\x00\x04\x00\x04\x00\x3c\xf0\x07\x08\x06\x04\x0c\x04\x0c\x04\x14\x04\x14\x04\x24\x08\x24\x30\x04\xc0\x00\x00" + // U+308E
	"\x08\x00\x08\x00\x08\x00\x78\xf0\x0b\x0c\x0c\x04\x08\x02\x18\x02\x18\x02\x28\x02\x28\x02\x48\x04\x48\x08\x48\x30\x09\xc0\x00\x00" + // U+308F
	"\x00\x00\x1f\xc0\x00\x40\x00\x80\x00\x80\x07\xf0\x09\x0c\x11\x04\x22\x02\x42\x02\x44\xf2\x45\x0a\x49\x04\x49\x08\x30\xf0\x00\x00" + // U+3090
	"\x00\x00\x3f\xe0\x00\xc0\x03\x00\x04\x00\x1f\xe0\x60\x10\x0c\x08\x12\x08\x12\x10\x0f\xe0\x18\x00\x38\x78\x44\x84\x83\x02\x00\x00" + // U+3091
	"\x02\x00\x02\x00\x02\x00\x7f\xf0\x04\x00\x0f\x00\x08\x8c\x10\xb0\x20\xc0\x23\x80\x44\x80\x08\x80\x08\x80\x08\x00\x07\xf8\x00\x00" + // U+3092
	"\x02\x00\x02\x00\x02\x00\x04\x00\x04\x00\x08\x00\x08\x00\x13\x02\x14\x82\x18\x82\x30\x84\x20\x84\x40\x88\x40\x70\x00\x00\x00\x00" + // U+3093
	"\x10\x00\x48\x00\x24\x00\x10\x00\x00\x00\x00\x00\x00\x00\x00\x00\x00\x00\x00\x00\x00\x00\x00\x00\x00\x00\x00\x00\x00\x00\x00\x00" + // U+309B
	"\x38\x00\x44\x00\x44\x00\x44\x00\x38\x00\x00\x00\x00\x00\x00\x00\x00\x00\x00\x00\x00\x00\x00\x00\x00\x00\x00\x00\x00\x00\x00\x00" + // U+309C
	"\x00\x00\x00\x00\x00\x00\x08\x00\x08\x00\x04\x00\x04\x00\x02\x00\x01\x00\x00\xc0\x00\x60\x01\x80\x06\x00\x00\x00\x00\x00\x00\x00" + // U+309D
	"\x00\x00\x00\x00\x00\x40\x09\x20\x08\x90\x04\x40\x04\x00\x02\x00\x01\x00\x00\xc0\x00\x60\x01\x80\x06\x00\x00\x00\x00\x00\x00\x00" + // U+309E
	"\x00\x00\x00\x00\x00\x00\x00\x00\x3f\xfc\x00\x0c\x01\x08\x01\x08\x01\x10\x01\x20\x01\x40\x02\x00\x02\x00\x04\x00\x18\x00\x00\x00" + // U+30A1
	"\x00\x00\x7f\xfc\x00\x04\x00\x04\x02\x08\x02\x08\x02\x10\x02\x20\x02\x40\x04\x00\x04\x00\x08\x00\x10\x00\x60\x00\x00\x00\x00\x00" + // U+30A2
	"\x00\x00\x00\x00\x00\x00\x00\x08\x00\x10\x00\x20\x00\x40\x00\x80\x03\x80\x0c\x80\x10\x80\x00\x80\x00\x80\x00\x80\x00\x80\x00\x00" + // U+30A3
	"\x00\x04\x00\x08\x00\x10\x00\x20\x00\x40\x00\xc0\x01\x40\x06\x40\x18\x40\x60\x40\x00\x40\x00\x40\x00\x40\x00\x40\x00\x40\x00\x00" + // U+30A4
	"\x00\x00\x00\x00\x00\x00\x01\x00\x01\x00\x3f\xf8\x20\x08\x20\x08\x20\x08\x20\x10\x00\x10\x00\x20\x00\xc0\x03\x00\x1c\x00\x00\x00" + // U+30A5
	"\x01\x00\x01\x00\x01\x00\x3f\xfc\x20\x0c\x20\x04\x20\x04\x20\x04\x20\x08\x00\x08\x00\x10\x00\x20\x00\x40\x03\x80\x1c\x00\x00\x00" + // U+30A6
	"\x00\x00\x00\x00\x00\x00\x00\x00\x00\x00\x1f\xf8\x01\x00\x01\x00\x01\x00\x01\x00\x01\x00\x01\x00\x01\x00\x3f\xfc\x00\x00\x00\x00" + // U+30A7
	"\x00\x00\x00\x00\x7f\xfc\x01\x00\x01\x00\x01\x00\x01\x00\x01\x00\x01\x00\x01\x00\x01\x00\x01\x00\x01\x00\xff\xfe\x00\x00\x00\x00" + // U+30A8
	"\x00\x00\x00\x00\x00\x00\x00\x40\x00\x40\x3f\xf8\x00\xc0\x01\x40\x01\x40\x02\x40\x04\x40\x08\x40\x10\x40\x20\x40\x03\x80\x00\x00" + // U+30A9
	"\x00\x10\x00\x10\x00\x10\x00\x10\x7f\xfe\x00\x30\x00\x50\x00\x90\x01\x10\x02\x10\x04\x10\x08\x10\x30\x10\x40\x10\x01\xe0\x00\x00" + // U+30AA
	"\x01\x00\x01\x00\x01\x00\x3f\xfc\x01\x0c\x01\x04\x02\x04\x02\x04\x02\x04\x04\x04\x04\x04\x08\x04\x10\x08\x20\xf0\x00\x00\x00\x00" + // U+30AB
	"\x02\x28\x02\x1c\x02\x1e\x7f\xf8\x02\x08\x02\x08\x04\x08\x04\x08\x04\x08\x08\x08\x08\x08\x10\x08\x20\x10\x41\xe0\x00\x00\x00\x00" + // U+30AC
	"\x02\x00\x02\x00\x02\x00\x03\xf8\x7f\x00\x01\x00\x01\x00\x01\x00\x01\xfe\x7f\x80\x00\x80\x00\x80\x00\x80\x00\x80\x00\x80\x00\x00" + // U+30AD
	"\x04\x08\x04\x14\x04\x0a\x07\xf4\xfe\x00\x02\x00\x02\x00\x02\x00\x03\xfc\xff\x00\x01\x00\x01\x00\x01\x00\x01\x00\x01\x00\x00\x00" + // U+30AE
	"\x01\x00\x01\x00\x02\x00\x03\xfc\x04\x0c\x04\x04\x08\x08\x10\x08\x20\x10\x00\x10\x00\x20\x00\x40\x01\x80\x06\x00\x38\x00\x00\x00" + // U+30AF
	"\x02\x28\x02\x1c\x04\x1e\x07\xf8\x08\x08\x08\x08\x10\x10\x20\x10\x40\x20\x00\x20\x00\x40\x00\x80\x03\x00\x0c\x00\x70\x00\x00\x00" + // U+30B0
	"\x00\x00\x04\x00\x04\x00\x08\x00\x0f\xfe\x10\x20\x10\x20\x20\x20\x40\x40\x00\x40\x00\x80\x00\x80\x01\x00\x06\x00\x18\x00\x00\x00" + // U+30B1
	"\x00\x28\x08\x14\x08\x0a\x18\x00\x1f\xfc\x20\x40\x20\x40\x40\x40\x80\x80\x00\x80\x01\x00\x01\x00\x02\x00\x0c\x00\x30\x00\x00\x00" + // U+30B2
	"\x00\x00\x00\x00\x00\x00\x3f\xfc\x00\x0c\x00\x04\x00\x04\x00\x04\x00\x04\x00\x04\x00\x04\x00\x04\x00\x04\x3f\xfc\x00\x04\x00\x00" + // U+30B3
	"\x00\x28\x00\x1c\x00\x1e\x7f\xf8\x00\x08\x00\x08\x00\x08\x00\x08\x00\x08\x00\x08\x00\x08\x00\x08\x00\x08\x7f\xf8\x00\x08\x00\x00" + // U+30B4
	"\x08\x10\x08\x10\x08\x10\x08\x10\x7f\xfe\x08\x10\x08\x10\x08\x10\x08\x10\x08\x20\x00\x20\x00\x40\x01\x80\x0e\x00\x00\x00\x00\x00" + // U+30B5
	"\x10\x28\x10\x34\x10\x2a\x10\x24\xff\xfc\x10\x20\x10\x20\x10\x20\x10\x20\x10\x40\x00\x40\x00\x80\x03\x00\x1c\x00\x00\x00\x00\x00" + // U+30B6
	"\x00\x00\x18\x00\x06\x00\x01\x00\x60\x04\x18\x04\x04\x04\x00\x08\x00\x08\x00\x10\x00\x20\x00\xc0\x07\x00\x38\x00\x00\x00\x00\x00" + // U+30B7
	"\x00\x28\x18\x1c\x06\x1e\x01\x00\x60\x04\x18\x04\x04\x04\x00\x08\x00\x08\x00\x10\x00\x20\x00\xc0\x07\x00\x38\x00\x00\x00\x00\x00" + // U+30B8
	"\x00\x00\x00\x00\x3f\xf0\x00\x10\x00\x10\x00\x20\x00\x20\x00\x40\x00\x40\x00\xa0\x01\x10\x06\x08\x18\x04\x60\x02\x00\x00\x00\x00" + // U+30B9
	"\x00\x28\x00\x14\x7f\xea\x00\x20\x00\x20\x00\x40\x00\x40\x00\x80\x00\x80\x01\x40\x02\x20\x0c\x10\x30\x08\xc0\x04\x00\x00\x00\x00" + // U+30BA
	"\x00\x00\x08\x00\x08\x00\x08\x3c\x09\xc4\x1e\x04\x68\x08\x08\x08\x08\x10\x08\x20\x08\xc0\x08\x00\x08\x00\x07\xfc\x00\x00\x00\x00" + // U+30BB
	"\x00\x28\x10\x14\x10\x0a\x10\x78\x13\x88\x3c\x08\xd0\x10\x10\x10\x10\x20\x10\x40\x11\x80\x10\x00\x10\x00\x0f\xf8\x00\x00\x00\x00" + // U+30BC
	"\x00\x00\x00\x00\x20\x08\x20\x08\x10\x08\x10\x08\x08\x10\x08\x10\x00\x20\x00\x20\x00\x40\x01\x80\x06\x00\x38\x00\x00\x00\x00\x00" + // U+30BD
	"\x00\x50\x00\x28\x40\x14\x40\x10\x20\x10\x20\x10\x10\x20\x10\x20\x00\x40\x00\x40\x00\x80\x03\x00\x0c\x00\x70\x00\x00\x00\x00\x00" + // U+30BE
	"\x01\x00\x01\x00\x02\x00\x03\xfc\x04\x04\x08\x04\x10\x04\x24\x08\x43\x08\x00\x90\x00\x60\x00\x40\x00\x80\x07\x00\x38\x00\x00\x00" + // U+30BF
	"\x02\x28\x02\x14\x04\x0a\x07\xf8\x08\x08\x10\x08\x20\x08\x48\x10\x86\x10\x01\x20\x00\xc0\x00\x80\x01\x00\x0e\x00\x70\x00\x00\x00" + // U+30C0
	"\x00\x0c\x00\xf0\x3f\x80\x00\x80\x00\x80\x00\x80\x7f\xfe\x00\x80\x00\x80\x00\x80\x01\x00\x01\x00\x02\x00\x0c\x00\x30\x00\x00\x00" + // U+30C1
	"\x00\x18\x01\xe0\x7f\x08\x01\x14\x01\x0a\x01\x04\xff\xfc\x01\x00\x01\x00\x01\x00\x02\x00\x02\x00\x04\x00\x18\x00\x60\x00\x00\x00" + // U+30C2
	"\x00\x00\x00\x00\x00\x00\x04\x00\x22\x08\x11\x08\x09\x08\x08\x08\x00\x10\x00\x10\x00\x20\x00\x40\x01\x80\x0e\x00\x00\x00\x00\x00" + // U+30C3
	"\x00\x00\x00\x00\x04\x04\x42\x04\x22\x04\x21\x04\x11\x08\x10\x08\x00\x10\x00\x10\x00\x20\x00\xc0\x03\x00\x1c\x00\x00\x00\x00\x00" + // U+30C4
	"\x00\x28\x00\x14\x08\x0a\x84\x00\x44\x08\x42\x08\x22\x10\x20\x10\x00\x20\x00\x20\x00\x40\x01\x80\x06\x00\x38\x00\x00\x00\x00\x00" + // U+30C5
	"\x00\x00\x00\x00\x3f\xfc\x00\x00\x00\x00\x00\x00\x7f\xfe\x00\x80\x00\x80\x00\x80\x01\x00\x01\x00\x02\x00\x04\x00\x18\x00\x00\x00" + // U+30C6
	"\x00\x08\x00\x24\x7f\xf2\x00\x08\x00\x00\x00\x00\xff\xfc\x01\x00\x01\x00\x01\x00\x02\x00\x02\x00\x04\x00\x08\x00\x30\x00\x00\x00" + // U+30C7
	"\x10\x00\x10\x00\x10\x00\x10\x00\x10\x00\x1c\x00\x13\x80\x10\x60\x10\x18\x10\x00\x10\x00\x10\x00\x10\x00\x10\x00\x10\x00\x00\x00" + // U+30C8
	"\x20\x20\x20\x90\x20\x48\x20\x20\x20\x00\x38\x00\x27\x00\x20\xc0\x20\x30\x20\x00\x20\x00\x20\x00\x20\x00\x20\x00\x20\x00\x00\x00" + // U+30C9
	"\x00\x80\x00\x80\x00\x80\x00\x80\x00\x80\x7f\xfe\x00\x80\x00\x80\x00\x80\x00\x80\x01\x00\x01\x00\x02\x00\x0c\x00\x30\x00\x00\x00" + // U+30CA
	"\x00\x00\x00\x00\x00\x00\x3f\xf8\x00\x00\x00\x00\x00\x00\x00\x00\x00\x00\x00\x00\x00\x00\x00\x00\x00\x00\x7f\xfc\x00\x00\x00\x00" + // U+30CB
	"\x00\x00\x1f\xfc\x00\x04\x00\x04\x00\x08\x08\x08\x06\x10\x01\x20\x00\xc0\x00\xe0\x01\x10\x06\x08\x18\x00\x60\x00\x00\x00\x00\x00" + // U+30CC
	"\x01\x00\x01\x00\x01\x00\x3f\xf8\x00\x10\x00\x20\x00\x40\x00\x80\x01\x00\x07\x20\x19\x18\x61\x04\x01\x02\x01\x00\x01\x00\x00\x00" + // U+30CD
	"\x00\x00\x00\x08\x00\x08\x00\x08\x00\x08\x00\x10\x00\x10\x00\x20\x00\x20\x00\x40\x00\x80\x03\x00\x0c\x00\x30\x00\x00\x00\x00\x00" + // U+30CE
	"\x00\x00\x00\x00\x04\x20\x04\x20\x04\x10\x04\x10\x08\x08\x08\x08\x08\x04\x10\x04\x10\x04\x20\x02\x20\x02\x40\x00\x00\x00\x00\x00" + // U+30CF
	"\x00\x08\x00\x14\x08\x4a\x08\x44\x08\x20\x08\x20\x10\x10\x10\x10\x10\x08\x20\x08\x20\x08\x40\x04\x40\x04\x80\x00\x00\x00\x00\x00" + // U+30D0
	"\x00\x0c\x00\x12\x08\x52\x08\x4c\x08\x20\x08\x20\x10\x10\x10\x10\x10\x08\x20\x08\x20\x08\x40\x04\x40\x04\x80\x00\x00\x00\x00\x00" + // U+30D1
	"\x00\x00\x20\x00\x20\x00\x20\x00\x20\x30\x20\xc0\x27\x00\x38\x00\x20\x00\x20\x00\x20\x00\x20\x00\x20\x00\x1f\xf8\x00\x00\x00\x00" + // U+30D2
	"\x00\x50\x40\x28\x40\x14\x40\x00\x40\x60\x41\x80\x4e\x00\x70\x00\x40\x00\x40\x00\x40\x00\x40\x00\x40\x00\x3f\xf0\x00\x00\x00\x00" + // U+30D3
	"\x00\x18\x40\x24\x40\x24\x40\x18\x40\x40\x41\x80\x4e\x00\x70\x00\x40\x00\x40\x00\x40\x00\x40\x00\x40\x00\x3f\xf0\x00\x00\x00\x00" + // U+30D4
	"\x00\x00\x00\x00\x3f\xfc\x00\x0c\x00\x04\x00\x04\x00\x08\x00\x08\x00\x10\x00\x10\x00\x20\x00\xc0\x03\x00\x1c\x00\x00\x00\x00\x00" + // U+30D5
	"\x00\x28\x00\x14\xff\xfa\x00\x10\x00\x10\x00\x10\x00\x20\x00\x20\x00\x40\x00\x40\x00\x80\x03\x00\x0c\x00\x70\x00\x00\x00\x00\x00" + // U+30D6
	"\x00\x0c\x00\x12\xff\xf2\x00\x1c\x00\x10\x00\x10\x00\x20\x00\x20\x00\x40\x00\x40\x00\x80\x03\x00\x0c\x00\x70\x00\x00\x00\x00\x00" + // U+30D7
	"\x00\x00\x00\x00\x00\x00\x06\x00\x09\x00\x11\x00\x10\x80\x20\x40\x40\x20\x40\x10\x80\x10\x00\x08\x00\x04\x00\x02\x00\x00\x00\x00" + // U+30D8
	"\x00\x00\x00\x08\x00\x24\x06\x12\x09\x08\x11\x00\x10\x80\x20\x40\x40\x20\x40\x10\x80\x10\x00\x08\x00\x04\x00\x02\x00\x00\x00\x00" + // U+30D9
	"\x00\x00\x00\x18\x00\x24\x06\x24\x09\x18\x11\x00\x10\x80\x20\x40\x40\x20\x40\x10\x80\x10\x00\x08\x00\x04\x00\x02\x00\x00\x00\x00" + // U+30DA
	"\x00\x80\x00\x80\x00\x80\x00\x80\x3f\xfe\x00\x80\x00\x80\x08\x90\x08\x88\x10\x84\x10\x84\x20\x82\x40\x82\x00\x80\x07\x00\x00\x00" + // U+30DB
	"\x01\x28\x01\x14\x01\x0a\x01\x00\x7f\xfc\x01\x00\x01\x00\x11\x20\x11\x10\x21\x08\x21\x08\x41\x04\x81\x04\x01\x00\x0e\x00\x00\x00" + // U+30DC
	"\x01\x0c\x01\x12\x01\x12\x01\x0c\x7f\xfc\x01\x00\x01\x00\x11\x20\x11\x10\x21\x08\x21\x08\x41\x04\x81\x04\x01\x00\x0e\x00\x00\x00" + // U+30DD
	"\x00\x00\x00\x00\x00\x00\x7f\xfc\x00\x04\x00\x08\x00\x08\x10\x10\x0c\x20\x02\x40\x01\x80\x00\x80\x00\x40\x00\x40\x00\x00\x00\x00" + // U+30DE
	"\x00\x00\x00\x00\x1c\x00\x03\xc0\x00\x38\x00\x00\x1c\x00\x03\xc0\x00\x30\x00\x00\x38\x00\x07\x00\x00\xe0\x00\x18\x00\x00\x00\x00" + // U+30DF
	"\x00\x00\x01\x00\x01\x00\x01\x00\x02\x00\x02\x00\x04\x00\x04\x20\x04\x10\x08\x10\x08\x08\x10\x04\x10\xfc\x7f\x02\x00\x02\x00\x00" + // U+30E0
	"\x00\x00\x00\x08\x00\x08\x00\x10\x08\x10\x06\x20\x01\xc0\x00\x60\x00\x90\x01\x08\x02\x04\x04\x00\x18\x00\x20\x00\x00\x00\x00\x00" + // U+30E1
	"\x00\x00\x00\x00\x3f\xfc\x02\x00\x02\x00\x02\x00\x02\x00\x7f\xfe\x02\x00\x02\x00\x02\x00\x02\x00\x02\x00\x01\xfc\x00\x00\x00\x00" + // U+30E2
	"\x00\x00\x00\x00\x00\x00\x04\x00\x04\x00\x04\x00\x04\xf8\x3f\x08\x02\x08\x02\x10\x02\x10\x02\x20\x02\x40\x02\x00\x02\x00\x00\x00" + // U+30E3
	"\x04\x00\x04\x00\x04\x00\x04\x00\x04\xfc\x7f\x04\x04\x04\x04\x08\x04\x08\x02\x10\x02\x20\x02\x40\x02\x00\x02\x00\x02\x00\x00\x00" + // U+30E4
	"\x00\x00\x00\x00\x00\x00\x00\x00\x00\x00\x1f\xf0\x00\x10\x00\x10\x00\x10\x00\x20\x00\x20\x00\x20\x00\x20\x3f\xfc\x00\x00\x00\x00" + // U+30E5
	"\x00\x00\x00\x00\x3f\xf8\x00\x08\x00\x08\x00\x08\x00\x08\x00\x10\x00\x10\x00\x10\x00\x10\x00\x10\x00\x10\x7f\xfe\x00\x00\x00\x00" + // U+30E6
	"\x00\x00\x00\x00\x00\x00\x00\x00\x1f\xf8\x00\x08\x00\x08\x00\x08\x0f\xf8\x00\x08\x00\x08\x00\x08\x1f\xf8\x00\x08\x00\x00\x00\x00" + // U+30E7
	"\x00\x00\x00\x00\x3f\xfc\x00\x0c\x00\x04\x00\x04\x00\x04\x1f\xfc\x00\x04\x00\x04\x00\x04\x00\x04\x3f\xfc\x00\x04\x00\x00\x00\x00" + // U+30E8
	"\x00\x00\x1f\xf8\x00\x00\x00\x00\x00\x00\x3f\xfc\x00\x04\x00\x04\x00\x04\x00\x08\x00\x08\x00\x10\x00\x20\x00\xc0\x1f\x00\x00\x00" + // U+30E9
	"\x00\x00\x10\x08\x10\x08\x10\x08\x10\x08\x10\x08\x10\x08\x10\x08\x10\x08\x10\x08\x00\x10\x00\x10\x00\x20\x00\xc0\x0f\x00\x00\x00" + // U+30EA
	"\x00\x00\x04\x80\x04\x80\x04\x80\x04\x80\x04\x80\x04\x82\x08\x82\x08\x84\x08\x84\x10\x88\x10\x90\x20\xa0\x40\xc0\x00\x00\x00\x00" + // U+30EB
	"\x00\x00\x20\x00\x20\x00\x20\x00\x20\x00\x20\x00\x20\x04\x20\x08\x20\x10\x20\x20\x20\x40\x21\x80\x26\x00\x38\x00\x00\x00\x00\x00" + // U+30EC
	"\x00\x00\x00\x00\x3f\xfc\x20\x0c\x20\x04\x20\x04\x20\x04\x20\x04\x20\x04\x20\x04\x20\x04\x20\x04\x3f\xfc\x20\x04\x00\x00\x00\x00" + // U+30ED
	"\x00\x00\x00\x00\x00\x00\x00\x00\x1f\xf8\x10\x08\x10\x08\x10\x08\x10\x10\x00\x10\x00\x20\x00\x20\x00\x40\x01\x80\x0e\x00\x00\x00" + // U+30EE
	"\x00\x00\x3f\xfc\x20\x0c\x20\x04\x20\x04\x20\x04\x20\x08\x00\x08\x00\x08\x00\x10\x00\x10\x00\x20\x00\xc0\x03\x00\x1c\x00\x00\x00" + // U+30EF
	"\x00\x20\x00\x20\x00\x20\x3f\xfc\x08\x20\x08\x20\x08\x20\x08\x20\x08\x20\x08\x20\x7f\xfe\x00\x20\x00\x20\x00\x20\x00\x20\x00\x00" + // U+30F0
	"\x00\x00\x00\x00\x3f\xfc\x00\x0c\x00\x08\x01\x08\x01\x10\x01\x20\x01\x40\x01\x00\x01\x00\x01\x00\x01\x00\x7f\xfe\x00\x00\x00\x00" + // U+30F1
	"\x00\x00\x3f\xfc\x00\x0c\x00\x04\x00\x04\x00\x04\x1f\xfc\x00\x08\x00\x08\x00\x10\x00\x20\x00\xc0\x03\x00\x1c\x00\x00\x00\x00\x00" + // U+30F2
	"\x00\x00\x00\x00\x20\x00\x18\x04\x06\x04\x01\x04\x00\x08\x00\x08\x00\x10\x00\x20\x00\x40\x01\x80\x06\x00\x38\x00\x00\x00\x00\x00" + // U+30F3
	"\x02\x28\x02\x1c\x02\x1e\x7f\xf8\x40\x08\x40\x08\x40\x08\x40\x08\x40\x10\x00\x10\x00\x20\x00\x40\x00\x80\x07\x00\x38\x00\x00\x00" + // U+30F4
	"\x00\x00\x00\x00\x00\x00\x01\x00\x01\x00\x1f\xf8\x01\x08\x01\x08\x01\x08\x02\x08\x02\x08\x02\x08\x04\x08\x08\x08\x30\xf0\x00\x00" + // U+30F5
	"\x00\x00\x00\x00\x00\x00\x04\x00\x04\x00\x07\xfc\x08\x20\x10\x20\x20\x20\x00\x40\x00\x40\x00\x80\x01\x00\x06\x00\x18\x00\x00\x00" + // U+30F6
	"\x00\x00\x00\x00\x00\x00\x00\x00\x00\x00\x00\x00\x01\x80\x03\xc0\x03\xc0\x01\x80\x00\x00\x00\x00\x00\x00\x00\x00\x00\x00\x00\x00" + // U+30FB
	"\x00\x00\x00\x00\x00\x00\x00\x00\x00\x00\x00\x00\x00\x00\x3f\xfc\x00\x00\x00\x00\x00\x00\x00\x00\x00\x00\x00\x00\x00\x00\x00\x00" + // U+30FC
	"\x00\x00\x00\x00\x00\x00\x00\x00\x10\x00\x08\x00\x06\x00\x01\x00\x00\x80\x00\x40\x00\x20\x00\x10\x00\x00\x00\x00\x00\x00\x00\x00" + // U+30FD
	"\x00\x00\x00\x00\x00\x00\x00\x20\x10\x90\x08\x48\x06\x20\x01\x00\x00\x80\x00\x40\x00\x20\x00\x10\x00\x00\x00\x00\x00\x00\x00\x00" + // U+30FE
	"\x01\x00\x02\x80\x04\x40\x08\x20\x30\x18\xe0\x06\x00\x00\x3f\xf8\x01\x00\x01\x00\x01\x00\x01\x00\x01\x00\xff\xfe\x00\x00\x00\x00" + // U+4EDD
	"\x00\x00\x00\x80\x00\x80\x00\x80\x00\x80\x00\x80\x00\x80\x00\x80\x00\x80\x00\x80\x00\x80\x00\x00\x01\x80\x01\x80\x00\x00\x00\x00" + // U+FF01
	"\x00\x00\x02\x10\x02\x10\x02\x10\x1f\xfc\x04\x20\x04\x20\x04\x20\x04\x20\x04\x20\x3f\xf8\x08\x40\x08\x40\x08\x40\x00\x00\x00\x00" + // U+FF03
	"\x01\x00\x0f\xc0\x11\x20\x21\x10\x21\x10\x21\x00\x11\x00\x0f\xe0\x01\x10\x01\x08\x21\x08\x21\x08\x11\x10\x0f\xe0\x01\x00\x00\x00" + // U+FF04
	"\x00\x00\x3c\x04\x42\x08\x42\x10\x42\x20\x42\x40\x42\x80\x3c\xbc\x01\x42\x02\x42\x04\x42\x08\x42\x10\x42\x20\x3c\x00\x00\x00\x00" + // U+FF05
	"\x00\x00\x0f\x80\x10\x40\x20\x20\x20\x20\x10\x40\x09\x80\x1e\x00\x22\x00\x41\x88\x40\x48\x40\x30\x20\x38\x1f\xc4\x00\x00\x00\x00" + // U+FF06
	"\x00\x04\x00\x08\x00\x10\x00\x10\x00\x20\x00\x20\x00\x20\x00\x20\x00\x20\x00\x20\x00\x20\x00\x10\x00\x10\x00\x08\x00\x04\x00\x00" + // U+FF08
	"\x20\x00\x10\x00\x08\x00\x08\x00\x04\x00\x04\x00\x04\x00\x04\x00\x04\x00\x04\x00\x04\x00\x08\x00\x08\x00\x10\x00\x20\x00\x00\x00" + // U+FF09
	"\x00\x00\x00\x00\x00\x00\x01\x00\x01\x00\x11\x10\x0d\x60\x03\x80\x03\x80\x0d\x60\x11\x10\x01\x00\x01\x00\x00\x00\x00\x00\x00\x00" + // U+FF0A
	"\x00\x00\x00\x00\x01\x00\x01\x00\x01\x00\x01\x00\x01\x00\x3f\xf8\x01\x00\x01\x00\x01\x00\x01\x00\x01\x00\x01\x00\x00\x00\x00\x00" + // U+FF0B
	"\x00\x00\x00\x00\x00\x00\x00\x00\x00\x00\x00\x00\x00\x00\x00\x00\x00\x00\x00\x00\x00\x00\x60\x00\x60\x00\x20\x00\x40\x00\x00\x00" + // U+FF0C
	"\x00\x00\x00\x00\x00\x00\x00\x00\x00\x00\x00\x00\x00\x00\x1f\xf8\x00\x00\x00\x00\x00\x00\x00\x00\x00\x00\x00\x00\x00\x00\x00\x00" + // U+FF0D
	"\x00\x00\x00\x00\x00\x00\x00\x00\x00\x00\x00\x00\x00\x00\x00\x00\x00\x00\x00\x00\x00\x00\x60\x00\x60\x00\x00\x00\x00\x00\x00\x00" + // U+FF0E
	"\x00\x00\x00\x06\x00\x0c\x00\x18\x00\x30\x00\x60\x00\xc0\x01\x80\x03\x00\x06\x00\x08\x00\x18\x00\x20\x00\x60\x00\x40\x00\x00\x00" + // U+FF0F
	"\x00\x00\x07\xe0\x08\x10\x10\x18\x10\x08\x10\x08\x10\x08\x10\x08\x10\x08\x10\x08\x10\x08\x10\x08\x08\x10\x07\xe0\x00\x00\x00\x00" + // U+FF10
	"\x00\x00\x03\xc0\x00\x40\x00\x40\x00\x40\x00\x40\x00\x40\x00\x40\x00\x40\x00\x40\x00\x40\x00\x40\x00\x40\x00\x40\x00\x00\x00\x00" + // U+FF11
	"\x00\x00\x07\xe0\x08\x10\x10\x18\x10\x08\x00\x08\x00\x08\x00\x30\x01\xc0\x06\x00\x08\x00\x10\x00\x10\x00\x1f\xf8\x00\x00\x00\x00" + // U+FF12
	"\x00\x00\x07\xe0\x08\x10\x10\x18\x10\x08\x00\x08\x00\x10\x07\xe0\x00\x10\x00\x08\x10\x08\x10\x08\x08\x10\x07\xe0\x00\x00\x00\x00" + // U+FF13
	"\x00\x00\x00\x20\x00\x60\x00\xa0\x01\x20\x02\x20\x04\x20\x08\x20\x10\x20\x20\x20\x3f\xf8\x00\x20\x00\x20\x00\x20\x00\x00\x00\x00" + // U+FF14
	"\x00\x00\x1f\xf0\x10\x00\x10\x00\x10\x00\x10\x00\x17\xe0\x18\x10\x10\x08\x00\x08\x00\x08\x10\x08\x08\x10\x07\xe0\x00\x00\x00\x00" + // U+FF15
	"\x00\x00\x07\xe0\x08\x10\x10\x18\x10\x08\x10\x00\x17\xe0\x18\x10\x10\x08\x10\x08\x10\x08\x10\x08\x08\x10\x07\xe0\x00\x00\x00\x00" + // U+FF16
	"\x00\x00\x1f\xf8\x00\x18\x00\x10\x00\x10\x00\x20\x00\x40\x00\x40\x00\x80\x01\x00\x02\x00\x02\x00\x04\x00\x08\x00\x00\x00\x00\x00" + // U+FF17
	"\x00\x00\x07\xe0\x08\x10\x10\x18\x10\x08\x10\x08\x08\x10\x07\xe0\x08\x10\x10\x08\x10\x08\x10\x08\x08\x10\x07\xe0\x00\x00\x00\x00" + // U+FF18
	"\x00\x00\x07\xe0\x08\x10\x10\x18\x10\x08\x10\x08\x10\x08\x08\x18\x07\xe8\x00\x08\x10\x08\x10\x08\x08\x10\x07\xe0\x00\x00\x00\x00" + // U+FF19
	"\x00\x00\x00\x00\x00\x00\x01\x80\x01\x80\x00\x00\x00\x00\x00\x00\x00\x00\x00\x00\x00\x00\x01\x80\x01\x80\x00\x00\x00\x00\x00\x00" + // U+FF1A
	"\x00\x00\x00\x00\x00\x00\x01\x80\x01\x80\x00\x00\x00\x00\x00\x00\x00\x00\x00\x00\x00\x00\x01\x80\x01\x80\x00\x80\x01\x00\x00\x00" + // U+FF1B
	"\x00\x00\x00\x00\x00\x0c\x00\x30\x00\xc0\x03\x00\x0c\x00\x30\x00\x30\x00\x0c\x00\x03\x00\x00\xc0\x00\x30\x00\x0c\x00\x00\x00\x00" + // U+FF1C
	"\x00\x00\x00\x00\x00\x00\x00\x00\x00\x00\x00\x00\x3f\xf8\x00\x00\x00\x00\x3f\xf8\x00\x00\x00\x00\x00\x00\x00\x00\x00\x00\x00\x00" + // U+FF1D
	"\x00\x00\x00\x00\x30\x00\x0c\x00\x03\x00\x00\xc0\x00\x30\x00\x0c\x00\x0c\x00\x30\x00\xc0\x03\x00\x0c\x00\x30\x00\x00\x00\x00\x00" + // U+FF1E
	"\x0f\xf0\x10\x08\x20\x04\x20\x04\x20\x04\x00\x08\x00\x30\x00\xc0\x01\x00\x01\x00\x01\x00\x00\x00\x01\x80\x01\x80\x00\x00\x00\x00" + // U+FF1F
	"\x00\x00\x07\xc0\x18\x30\x20\x08\x23\x48\x44\xc4\x48\x44\x48\x44\x48\x84\x48\xc8\x27\x70\x20\x00\x18\x18\x07\xe0\x00\x00\x00\x00" + // U+FF20
	"\x00\x00\x01\x80\x01\x80\x02\x40\x02\x40\x04\x20\x04\x20\x04\x20\x08\x10\x08\x10\x1f\xf8\x10\x08\x20\x04\x20\x04\x00\x00\x00\x00" + // U+FF21
	"\x00\x00\x3f\xe0\x20\x10\x20\x08\x20\x08\x20\x08\x20\x10\x3f\xe0\x20\x10\x20\x08\x20\x08\x20\x08\x20\x10\x3f\xe0\x00\x00\x00\x00" + // U+FF22
	"\x00\x00\x0f\xe0\x10\x10\x20\x08\x20\x08\x20\x00\x20\x00\x20\x00\x20\x00\x20\x08\x20\x08\x20\x08\x10\x10\x0f\xe0\x00\x00\x00\x00" + // U+FF23
	"\x00\x00\x3f\xe0\x20\x10\x20\x08\x20\x08\x20\x08\x20\x08\x20\x08\x20\x08\x20\x08\x20\x08\x20\x08\x20\x10\x3f\xe0\x00\x00\x00\x00" + // U+FF24
	"\x00\x00\x1f\xf8\x10\x00\x10\x00\x10\x00\x10\x00\x10\x00\x1f\xf0\x10\x00\x10\x00\x10\x00\x10\x00\x10\x00\x1f\xf8\x00\x00\x00\x00" + // U+FF25
	"\x00\x00\x1f\xf8\x10\x00\x10\x00\x10\x00\x10\x00\x10\x00\x1f\xf0\x10\x00\x10\x00\x10\x00\x10\x00\x10\x00\x10\x00\x00\x00\x00\x00" + // U+FF26
	"\x00\x00\x0f\xf0\x10\x18\x20\x0c\x20\x04\x20\x00\x20\x00\x21\xfc\x20\x04\x20\x04\x20\x04\x20\x04\x10\x08\x0f\xf0\x00\x00\x00\x00" + // U+FF27
	"\x00\x00\x10\x08\x10\x08\x10\x08\x10\x08\x10\x08\x10\x08\x1f\xf8\x10\x08\x10\x08\x10\x08\x10\x08\x10\x08\x10\x08\x00\x00\x00\x00" + // U+FF28
	"\x00\x00\x01\x00\x01\x00\x01\x00\x01\x00\x01\x00\x01\x00\x01\x00\x01\x00\x01\x00\x01\x00\x01\x00\x01\x00\x01\x00\x00\x00\x00\x00" + // U+FF29
	"\x00\x00\x00\x08\x00\x08\x00\x08\x00\x08\x00\x08\x00\x08\x00\x08\x00\x08\x10\x08\x10\x08\x10\x08\x08\x10\x07\xe0\x00\x00\x00\x00" + // U+FF2A
	"\x00\x00\x10\x08\x10\x10\x10\x60\x10\x80\x13\x00\x14\x00\x18\x00\x14\x00\x13\x00\x10\x80\x10\x60\x10\x10\x10\x08\x00\x00\x00\x00" + // U+FF2B
	"\x00\x00\x10\x00\x10\x00\x10\x00\x10\x00\x10\x00\x10\x00\x10\x00\x10\x00\x10\x00\x10\x00\x10\x00\x10\x00\x1f\xf0\x00\x00\x00\x00" + // U+FF2C
	"\x00\x00\x40\x04\x60\x0c\x60\x0c\x50\x14\x50\x14\x48\x24\x48\x24\x44\x44\x44\x44\x42\x84\x42\x84\x41\x04\x41\x04\x00\x00\x00\x00" + // U+FF2D
	"\x00\x00\x10\x08\x18\x08\x14\x08\x14\x08\x12\x08\x11\x08\x11\x08\x10\x88\x10\x48\x10\x48\x10\x28\x10\x18\x10\x08\x00\x00\x00\x00" + // U+FF2E
	"\x00\x00\x0f\xf0\x10\x18\x20\x0c\x20\x04\x20\x04\x20\x04\x20\x04\x20\x04\x20\x04\x20\x04\x20\x04\x10\x08\x0f\xf0\x00\x00\x00\x00" + // U+FF2F
	"\x00\x00\x3f\xe0\x20\x10\x20\x08\x20\x08\x20\x08\x20\x08\x20\x10\x3f\xe0\x20\x00\x20\x00\x20\x00\x20\x00\x20\x00\x00\x00\x00\x00" + // U+FF30
	"\x00\x00\x0f\xf0\x10\x18\x20\x0c\x20\x04\x20\x04\x20\x04\x20\x04\x20\x04\x20\x04\x20\x84\x20\x44\x10\x28\x0f\xf0\x00\x08\x00\x00" + // U+FF31
	"\x00\x00\x3f\xe0\x20\x10\x20\x08\x20\x08\x20\x08\x20\x10\x3f\xe0\x20\x10\x20\x10\x20\x10\x20\x08\x20\x08\x20\x08\x00\x00\x00\x00" + // U+FF32
	"\x00\x00\x07\xe0\x08\x10\x10\x18\x10\x08\x10\x00\x08\x00\x07\xe0\x00\x10\x00\x08\x10\x08\x10\x08\x08\x10\x07\xe0\x00\x00\x00\x00" + // U+FF33
	"\x00\x00\x3f\xf8\x01\x00\x01\x00\x01\x00\x01\x00\x01\x00\x01\x00\x01\x00\x01\x00\x01\x00\x01\x00\x01\x00\x01\x00\x00\x00\x00\x00" + // U+FF34
	"\x00\x00\x20\x08\x20\x08\x20\x08\x20\x08\x20\x08\x20\x08\x20\x08\x20\x08\x20\x08\x20\x08\x20\x08\x10\x10\x0f\xe0\x00\x00\x00\x00" + // U+FF35
	"\x00\x00\x20\x08\x20\x08\x20\x08\x10\x10\x10\x10\x08\x20\x08\x20\x08\x20\x04\x40\x04\x40\x02\x80\x02\x80\x01\x00\x00\x00\x00\x00" + // U+FF36
	"\x00\x00\x81\x02\x81\x02\x81\x02\x82\x82\x42\x84\x42\x84\x44\x44\x24\x48\x24\x48\x28\x28\x28\x28\x10\x10\x10\x10\x00\x00\x00\x00" + // U+FF37
	"\x00\x00\x20\x08\x10\x10\x08\x20\x08\x20\x04\x40\x02\x80\x01\x00\x02\x80\x04\x40\x08\x20\x08\x20\x10\x10\x20\x08\x00\x00\x00\x00" + // U+FF38
	"\x00\x00\x20\x08\x20\x08\x10\x10\x10\x10\x08\x20\x04\x40\x04\x40\x02\x80\x01\x00\x01\x00\x01\x00\x01\x00\x01\x00\x00\x00\x00\x00" + // U+FF39
	"\x00\x00\x1f\xf8\x00\x18\x00\x10\x00\x20\x00\x40\x00\x80\x00\x80\x01\x00\x02\x00\x04\x00\x08\x00\x10\x00\x1f\xf8\x00\x00\x00\x00" + // U+FF3A
	"\x00\x3c\x00\x20\x00\x20\x00\x20\x00\x20\x00\x20\x00\x20\x00\x20\x00\x20\x00\x20\x00\x20\x00\x20\x00\x20\x00\x20\x00\x3c\x00\x00" + // U+FF3B
	"\x00\x00\x40\x00\x20\x00\x10\x00\x08\x00\x04\x00\x02\x00\x01\x00\x00\x80\x00\x40\x00\x20\x00\x10\x00\x08\x00\x04\x00\x00\x00\x00" + // U+FF3C
	"\x3c\x00\x04\x00\x04\x00\x04\x00\x04\x00\x04\x00\x04\x00\x04\x00\x04\x00\x04\x00\x04\x00\x04\x00\x04\x00\x04\x00\x3c\x00\x00\x00" + // U+FF3D
	"\x01\x80\x03\xc0\x04\x20\x00\x00\x00\x00\x00\x00\x00\x00\x00\x00\x00\x00\x00\x00\x00\x00\x00\x00\x00\x00\x00\x00\x00\x00\x00\x00" + // U+FF3E
	"\x00\x00\x00\x00\x00\x00\x00\x00\x00\x00\x00\x00\x00\x00\x00\x00\x00\x00\x00\x00\x00\x00\x00\x00\x00\x00\x00\x00\xff\xfe\xff\xfe" + // U+FF3F
	"\x01\x80\x00\x80\x00\x40\x00\x00\x00\x00\x00\x00\x00\x00\x00\x00\x00\x00\x00\x00\x00\x00\x00\x00\x00\x00\x00\x00\x00\x00\x00\x00" + // U+FF40
	"\x00\x00\x00\x00\x00\x00\x00\x00\x00\x00\x0f\xc0\x10\x20\x00\x20\x0f\xe0\x10\x20\x10\x20\x10\x20\x10\x60\x0f\x90\x00\x00\x00\x00" + // U+FF41
	"\x00\x00\x00\x00\x10\x00\x10\x00\x10\x00\x17\xc0\x18\x20\x10\x10\x10\x10\x10\x10\x10\x10\x10\x10\x18\x20\x17\xc0\x00\x00\x00\x00" + // U+FF42
	"\x00\x00\x00\x00\x00\x00\x00\x00\x00\x00\x07\xc0\x08\x20\x10\x10\x10\x00\x10\x00\x10\x00\x10\x10\x08\x20\x07\xc0\x00\x00\x00\x00" + // U+FF43
	"\x00\x00\x00\x00\x00\x10\x00\x10\x00\x10\x07\xd0\x08\x30\x10\x10\x10\x10\x10\x10\x10\x10\x10\x10\x08\x30\x07\xd0\x00\x00\x00\x00" + // U+FF44
	"\x00\x00\x00\x00\x00\x00\x00\x00\x00\x00\x07\xc0\x08\x20\x10\x10\x10\x10\x1f\xf0\x10\x00\x10\x10\x08\x20\x07\xc0\x00\x00\x00\x00" + // U+FF45
	"\x00\x00\x00\xe0\x01\x00\x01\x00\x01\x00\x07\xe0\x01\x00\x01\x00\x01\x00\x01\x00\x01\x00\x01\x00\x01\x00\x01\x00\x00\x00\x00\x00" + // U+FF46
	"\x00\x00\x00\x00\x00\x00\x00\x00\x00\x00\x0f\xd0\x10\x20\x10\x20\x10\x20\x0f\xc0\x10\x00\x0f\xe0\x10\x10\x10\x10\x0f\xe0\x00\x00" + // U+FF47
	"\x00\x00\x00\x00\x10\x00\x10\x00\x10\x00\x17\xc0\x18\x20\x10\x10\x10\x10\x10\x10\x10\x10\x10\x10\x10\x10\x10\x10\x00\x00\x00\x00" + // U+FF48
	"\x00\x00\x00\x00\x01\x00\x01\x00\x00\x00\x01\x00\x01\x00\x01\x00\x01\x00\x01\x00\x01\x00\x01\x00\x01\x00\x01\x00\x00\x00\x00\x00" + // U+FF49
	"\x00\x00\x00\x00\x00\x80\x00\x80\x00\x00\x00\x80\x00\x80\x00\x80\x00\x80\x00\x80\x00\x80\x00\x80\x00\x80\x00\x80\x03\x00\x00\x00" + // U+FF4A
	"\x00\x00\x00\x00\x08\x00\x08\x00\x08\x00\x08\x10\x08\x60\x08\x80\x0b\x00\x0c\x00\x0b\x00\x08\x80\x08\x60\x08\x10\x00\x00\x00\x00" + // U+FF4B
	"\x00\x00\x00\x00\x01\x00\x01\x00\x01\x00\x01\x00\x01\x00\x01\x00\x01\x00\x01\x00\x01\x00\x01\x00\x01\x00\x01\x00\x00\x00\x00\x00" + // U+FF4C
	"\x00\x00\x00\x00\x00\x00\x00\x00\x00\x00\x5c\x70\x62\x88\x41\x04\x41\x04\x41\x04\x41\x04\x41\x04\x41\x04\x41\x04\x00\x00\x00\x00" + // U+FF4D
	"\x00\x00\x00\x00\x00\x00\x00\x00\x00\x00\x17\xc0\x18\x20\x10\x10\x10\x10\x10\x10\x10\x10\x10\x10\x10\x10\x10\x10\x00\x00\x00\x00" + // U+FF4E
	"\x00\x00\x00\x00\x00\x00\x00\x00\x00\x00\x07\xc0\x08\x20\x10\x10\x10\x10\x10\x10\x10\x10\x10\x10\x08\x20\x07\xc0\x00\x00\x00\x00" + // U+FF4F
	"\x00\x00\x00\x00\x00\x00\x00\x00\x00\x00\x17\xc0\x18\x20\x10\x10\x10\x10\x10\x10\x10\x10\x18\x20\x17\xc0\x10\x00\x10\x00\x00\x00" + // U+FF50
	"\x00\x00\x00\x00\x00\x00\x00\x00\x00\x00\x07\xd0\x08\x30\x10\x10\x10\x10\x10\x10\x10\x10\x08\x30\x07\xd0\x00\x10\x00\x10\x00\x00" + // U+FF51
	"\x00\x00\x00\x00\x00\x00\x00\x00\x00\x00\x05\xe0\x06\x00\x04\x00\x04\x00\x04\x00\x04\x00\x04\x00\x04\x00\x04\x00\x00\x00\x00\x00" + // U+FF52
	"\x00\x00\x00\x00\x00\x00\x00\x00\x00\x00\x07\xe0\x08\x10\x08\x10\x08\x00\x07\xe0\x00\x10\x08\x10\x08\x10\x07\xe0\x00\x00\x00\x00" + // U+FF53
	"\x00\x00\x00\x00\x01\x00\x01\x00\x01\x00\x07\xe0\x01\x00\x01\x00\x01\x00\x01\x00\x01\x00\x01\x00\x01\x00\x00\xe0\x00\x00\x00\x00" + // U+FF54
	"\x00\x00\x00\x00\x00\x00\x00\x00\x00\x00\x10\x10\x10\x10\x10\x10\x10\x10\x10\x10\x10\x10\x10\x10\x08\x30\x07\xd0\x00\x00\x00\x00" + // U+FF55
	"\x00\x00\x00\x00\x00\x00\x00\x00\x00\x00\x10\x10\x10\x10\x08\x20\x08\x20\x04\x40\x04\x40\x02\x80\x02\x80\x01\x00\x00\x00\x00\x00" + // U+FF56
	"\x00\x00\x00\x00\x00\x00\x00\x00\x00\x00\x41\x04\x41\x04\x22\x88\x22\x88\x22\x88\x14\x50\x14\x50\x08\x20\x08\x20\x00\x00\x00\x00" + // U+FF57
	"\x00\x00\x00\x00\x00\x00\x00\x00\x00\x00\x10\x10\x08\x20\x04\x40\x02\x80\x01\x00\x02\x80\x04\x40\x08\x20\x10\x10\x00\x00\x00\x00" + // U+FF58
	"\x00\x00\x00\x00\x00\x00\x00\x00\x00\x00\x10\x10\x10\x10\x08\x20\x08\x20\x04\x40\x04\x40\x02\x80\x01\x00\x02\x00\x1c\x00\x00\x00" + // U+FF59
	"\x00\x00\x00\x00\x00\x00\x00\x00\x00\x00\x1f\xf0\x00\x20\x00\x40\x00\x80\x01\x00\x02\x00\x04\x00\x08\x00\x1f\xf0\x00\x00\x00\x00" + // U+FF5A
	"\x00\x0c\x00\x10\x00\x10\x00\x10\x00\x10\x00\x10\x00\x10\x00\x20\x00\x10\x00\x10\x00\x10\x00\x10\x00\x10\x00\x10\x00\x0c\x00\x00" + // U+FF5B
	"\x01\x00\x01\x00\x01\x00\x01\x00\x01\x00\x01\x00\x01\x00\x01\x00\x01\x00\x01\x00\x01\x00\x01\x00\x01\x00\x01\x00\x01\x00\x00\x00" + // U+FF5C
	"\x30\x00\x08\x00\x08\x00\x08\x00\x08\x00\x08\x00\x08\x00\x04\x00\x08\x00\x08\x00\x08\x00\x08\x00\x08\x00\x08\x00\x30\x00\x00\x00" + // U+FF5D
	"\x00\x00\x00\x00\x00\x00\x00\x00\x00\x00\x00\x00\x1c\x02\x23\x02\x40\xc4\x40\x38\x00\x00\x00\x00\x00\x00\x00\x00\x00\x00\x00\x00" + // U+FF5E
	"\x00\x00\x00\x00\x00\x00\x00\x00\x00\x00\x00\x00\x00\x00\x00\x00\x00\x00\x00\x00\x30\x00\x48\x00\x48\x00\x30\x00\x00\x00\x00\x00" + // U+FF61
	"\x1e\x00\x10\x00\x10\x00\x10\x00\x10\x00\x10\x00\x10\x00\x10\x00\x10\x00\x10\x00\x10\x00\x10\x00\x10\x00\x10\x00\x00\x00\x00\x00" + // U+FF62
	"\x00\x00\x08\x00\x08\x00\x08\x00\x08\x00\x08\x00\x08\x00\x08\x00\x08\x00\x08\x00\x08\x00\x08\x00\x08\x00\x08\x00\x78\x00\x00\x00" + // U+FF63
	"\x00\x00\x00\x00\x00\x00\x00\x00\x00\x00\x00\x00\x00\x00\x00\x00\x00\x00\x00\x00\x00\x00\x40\x00\x20\x00\x10\x00\x10\x00\x00\x00" + // U+FF64
	"\x00\x00\x00\x00\x00\x00\x00\x00\x00\x00\x00\x00\x38\x00\x38\x00\x38\x00\x00\x00\x00\x00\x00\x00\x00\x00\x00\x00\x00\x00\x00\x00" + // U+FF65
	"\x00\x00\xfe\x00\x02\x00\x02\x00\x02\x00\x02\x00\xfe\x00\x04\x00\x04\x00\x08\x00\x08\x00\x10\x00\x20\x00\xc0\x00\x00\x00\x00\x00" + // U+FF66
	"\x00\x00\x00\x00\x00\x00\x00\x00\x7e\x00\x02\x00\x12\x00\x14\x00\x14\x00\x18\x00\x10\x00\x10\x00\x20\x00\x20\x00\x40\x00\x00\x00" + // U+FF67
	"\x00\x00\x00\x00\x00\x00\x02\x00\x04\x00\x04\x00\x08\x00\x08\x00\x18\x00\x28\x00\x48\x00\x08\x00\x08\x00\x08\x00\x08\x00\x00\x00" + // U+FF68
	"\x00\x00\x00\x00\x00\x00\x10\x00\x10\x00\x7e\x00\x42\x00\x42\x00\x42\x00\x44\x00\x04\x00\x08\x00\x08\x00\x10\x00\x60\x00\x00\x00" + // U+FF69
	"\x00\x00\x00\x00\x00\x00\x00\x00\x00\x00\x3e\x00\x08\x00\x08\x00\x08\x00\x08\x00\x08\x00\x08\x00\x08\x00\x7e\x00\x00\x00\x00\x00" + // U+FF6A
	"\x00\x00\x00\x00\x00\x00\x08\x00\x08\x00\xfe\x00\x18\x00\x18\x00\x28\x00\x28\x00\x48\x00\x48\x00\x88\x00\x08\x00\x30\x00\x00\x00" + // U+FF6B
	"\x00\x00\x00\x00\x00\x00\x20\x00\x20\x00\x3e\x00\xe2\x00\x24\x00\x24\x00\x28\x00\x28\x00\x20\x00\x20\x00\x20\x00\x20\x00\x00\x00" + // U+FF6C
	"\x00\x00\x00\x00\x00\x00\x00\x00\x00\x00\x78\x00\x08\x00\x08\x00\x08\x00\x08\x00\x08\x00\x08\x00\x08\x00\xfe\x00\x00\x00\x00\x00" + // U+FF6D
	"\x00\x00\x00\x00\x00\x00\x00\x00\x7e\x00\x02\x00\x02\x00\x02\x00\x3e\x00\x02\x00\x02\x00\x02\x00\x7e\x00\x02\x00\x00\x00\x00\x00" + // U+FF6E
	"\x00\x00\x00\x00\x00\x00\x00\x00\x12\x00\x4a\x00\x2a\x00\x2a\x00\x22\x00\x04\x00\x04\x00\x08\x00\x10\x00\x20\x00\x00\x00\x00\x00" + // U+FF6F
	"\x00\x00\x00\x00\x00\x00\x00\x00\x00\x00\x00\x00\x00\x00\x7e\x00\x00\x00\x00\x00\x00\x00\x00\x00\x00\x00\x00\x00\x00\x00\x00\x00" + // U+FF70
	"\x00\x00\xff\x00\x03\x00\x01\x00\x12\x00\x12\x00\x14\x00\x14\x00\x10\x00\x10\x00\x20\x00\x20\x00\x40\x00\x80\x00\x00\x00\x00\x00" + // U+FF71
	"\x01\x00\x01\x00\x02\x00\x04\x00\x04\x00\x08\x00\x08\x00\x18\x00\x28\x00\x48\x00\x88\x00\x08\x00\x08\x00\x08\x00\x08\x00\x00\x00" + // U+FF72
	"\x10\x00\x10\x00\x10\x00\xfe\x00\x82\x00\x82\x00\x82\x00\x82\x00\x84\x00\x04\x00\x08\x00\x08\x00\x10\x00\x60\x00\x00\x00\x00\x00" + // U+FF73
	"\x00\x00\x00\x00\x7f\x00\x08\x00\x08\x00\x08\x00\x08\x00\x08\x00\x08\x00\x08\x00\x08\x00\x08\x00\x08\x00\xff\x00\x00\x00\x00\x00" + // U+FF74
	"\x04\x00\x04\x00\x04\x00\x04\x00\x7f\x00\x0c\x00\x0c\x00\x14\x00\x14\x00\x24\x00\x24\x00\x44\x00\x44\x00\x84\x00\x18\x00\x00\x00" + // U+FF75
	"\x10\x00\x10\x00\x10\x00\x7f\x00\x13\x00\x11\x00\x11\x00\x11\x00\x11\x00\x21\x00\x21\x00\x21\x00\x42\x00\x9c\x00\x00\x00\x00\x00" + // U+FF76
	"\x10\x00\x10\x00\x10\x00\x1e\x00\xf0\x00\x10\x00\x10\x00\x10\x00\x1f\x00\xf8\x00\x08\x00\x08\x00\x08\x00\x08\x00\x08\x00\x00\x00" + // U+FF77
	"\x08\x00\x08\x00\x10\x00\x1f\x00\x13\x00\x21\x00\x21\x00\x42\x00\x82\x00\x02\x00\x04\x00\x04\x00\x08\x00\x10\x00\x60\x00\x00\x00" + // U+FF78
	"\x00\x00\x20\x00\x20\x00\x20\x00\x3f\x00\x44\x00\x44\x00\x44\x00\x88\x00\x08\x00\x08\x00\x10\x00\x10\x00\x20\x00\x40\x00\x00\x00" + // U+FF79
	"\x00\x00\x00\x00\xfe\x00\x02\x00\x02\x00\x02\x00\x02\x00\x02\x00\x02\x00\x02\x00\x02\x00\x02\x00\xfe\x00\x02\x00\x00\x00\x00\x00" + // U+FF7A
	"\x22\x00\x22\x00\x22\x00\x22\x00\xff\x00\x22\x00\x22\x00\x22\x00\x22\x00\x24\x00\x04\x00\x08\x00\x10\x00\x20\x00\x00\x00\x00\x00" + // U+FF7B
	"\x00\x00\x00\x00\x40\x00\x20\x00\x12\x00\x82\x00\x42\x00\x24\x00\x04\x00\x04\x00\x08\x00\x10\x00\x20\x00\xc0\x00\x00\x00\x00\x00" + // U+FF7C
	"\x00\x00\x00\x00\x7e\x00\x02\x00\x02\x00\x04\x00\x04\x00\x08\x00\x0c\x00\x14\x00\x12\x00\x22\x00\x41\x00\x81\x00\x00\x00\x00\x00" + // U+FF7D
	"\x00\x00\x20\x00\x20\x00\x27\x00\x3b\x00\xe1\x00\x22\x00\x22\x00\x24\x00\x28\x00\x20\x00\x20\x00\x20\x00\x1f\x00\x00\x00\x00\x00" + // U+FF7E
	"\x00\x00\x00\x00\x82\x00\x82\x00\x42\x00\x44\x00\x24\x00\x24\x00\x08\x00\x08\x00\x10\x00\x10\x00\x20\x00\xc0\x00\x00\x00\x00\x00" + // U+FF7F
	"\x20\x00\x20\x00\x20\x00\x3e\x00\x42\x00\x42\x00\x42\x00\xa4\x00\x94\x00\x0c\x00\x08\x00\x08\x00\x10\x00\x20\x00\xc0\x00\x00\x00" + // U+FF80
	"\x02\x00\x0c\x00\xf0\x00\x10\x00\x10\x00\x10\x00\xfe\x00\x10\x00\x10\x00\x10\x00\x10\x00\x20\x00\x20\x00\x40\x00\x80\x00\x00\x00" + // U+FF81
	"\x00\x00\x21\x00\x91\x00\x51\x00\x49\x00\x2a\x00\x22\x00\x02\x00\x04\x00\x04\x00\x08\x00\x08\x00\x10\x00\x20\x00\x00\x00\x00\x00" + // U+FF82
	"\x00\x00\x00\x00\x7e\x00\x00\x00\x00\x00\x00\x00\xff\x00\x08\x00\x08\x00\x08\x00\x10\x00\x10\x00\x10\x00\x20\x00\x40\x00\x00\x00" + // U+FF83
	"\x40\x00\x40\x00\x40\x00\x40\x00\x40\x00\x60\x00\x50\x00\x48\x00\x44\x00\x42\x00\x40\x00\x40\x00\x40\x00\x40\x00\x40\x00\x00\x00" + // U+FF84
	"\x10\x00\x10\x00\x10\x00\x10\x00\x10\x00\xfe\x00\x10\x00\x10\x00\x10\x00\x10\x00\x20\x00\x20\x00\x40\x00\x80\x00\x00\x00\x00\x00" + // U+FF85
	"\x00\x00\x00\x00\x00\x00\xfc\x00\x00\x00\x00\x00\x00\x00\x00\x00\x00\x00\x00\x00\x00\x00\x00\x00\x00\x00\xfe\x00\x00\x00\x00\x00" + // U+FF86
	"\x00\x00\xfe\x00\x02\x00\x02\x00\x44\x00\x24\x00\x14\x00\x08\x00\x08\x00\x14\x00\x12\x00\x22\x00\x40\x00\x80\x00\x00\x00\x00\x00" + // U+FF87
	"\x10\x00\x10\x00\x10\x00\xfe\x00\x02\x00\x04\x00\x08\x00\x10\x00\x18\x00\x34\x00\x52\x00\x90\x00\x10\x00\x10\x00\x10\x00\x00\x00" + // U+FF88
	"\x00\x00\x02\x00\x02\x00\x02\x00\x02\x00\x02\x00\x04\x00\x04\x00\x04\x00\x08\x00\x08\x00\x10\x00\x20\x00\x40\x00\x00\x00\x00\x00" + // U+FF89
	"\x00\x00\x00\x00\x28\x00\x28\x00\x24\x00\x24\x00\x44\x00\x44\x00\x42\x00\x42\x00\x42\x00\x82\x00\x82\x00\x80\x00\x00\x00\x00\x00" + // U+FF8A
	"\x00\x00\x80\x00\x80\x00\x80\x00\x82\x00\x8c\x00\x90\x00\xe0\x00\x80\x00\x80\x00\x80\x00\x80\x00\x80\x00\x7e\x00\x00\x00\x00\x00" + // U+FF8B
	"\x00\x00\x00\x00\xfe\x00\x02\x00\x02\x00\x02\x00\x04\x00\x04\x00\x04\x00\x08\x00\x08\x00\x10\x00\x20\x00\xc0\x00\x00\x00\x00\x00" + // U+FF8C
	"\x00\x00\x00\x00\x00\x00\x10\x00\x10\x00\x28\x00\x28\x00\x44\x00\x44\x00\x82\x00\x82\x00\x02\x00\x01\x00\x01\x00\x00\x00\x00\x00" + // U+FF8D
	"\x10\x00\x10\x00\x10\x00\x10\x00\xfe\x00\x10\x00\x10\x00\x54\x00\x54\x00\x54\x00\x52\x00\x92\x00\x92\x00\x10\x00\x60\x00\x00\x00" + // U+FF8E
	"\x00\x00\x00\x00\x00\x00\xfe\x00\x02\x00\x02\x00\x04\x00\x84\x00\x48\x00\x30\x00\x20\x00\x10\x00\x08\x00\x08\x00\x00\x00\x00\x00" + // U+FF8F
	"\x00\x00\x00\x00\x60\x00\x18\x00\x06\x00\x00\x00\x60\x00\x18\x00\x06\x00\x00\x00\x00\x00\x60\x00\x18\x00\x06\x00\x00\x00\x00\x00" + // U+FF90
	"\x00\x00\x10\x00\x10\x00\x10\x00\x10\x00\x10\x00\x20\x00\x24\x00\x24\x00\x22\x00\x42\x00\x43\x00\x7f\x00\xc1\x00\x00\x00\x00\x00" + // U+FF91
	"\x00\x00\x04\x00\x04\x00\x04\x00\x48\x00\x28\x00\x18\x00\x10\x00\x18\x00\x24\x00\x22\x00\x40\x00\x40\x00\x80\x00\x00\x00\x00\x00" + // U+FF92
	"\x00\x00\x00\x00\xfc\x00\x20\x00\x20\x00\x20\x00\x20\x00\xfe\x00\x20\x00\x20\x00\x20\x00\x20\x00\x20\x00\x1c\x00\x00\x00\x00\x00" + // U+FF93
	"\x20\x00\x20\x00\x20\x00\x20\x00\x2f\x00\xf3\x00\x11\x00\x11\x00\x12\x00\x12\x00\x14\x00\x10\x00\x10\x00\x10\x00\x10\x00\x00\x00" + // U+FF94
	"\x00\x00\x00\x00\xfc\x00\x04\x00\x04\x00\x04\x00\x04\x00\x04\x00\x04\x00\x04\x00\x04\x00\x04\x00\x04\x00\xfe\x00\x00\x00\x00\x00" + // U+FF95
	"\x00\x00\x00\x00\x7e\x00\x02\x00\x02\x00\x02\x00\x02\x00\x7e\x00\x02\x00\x02\x00\x02\x00\x02\x00\x7e\x00\x02\x00\x00\x00\x00\x00" + // U+FF96
	"\x00\x00\x7c\x00\x00\x00\x00\x00\xfe\x00\x02\x00\x02\x00\x02\x00\x04\x00\x04\x00\x08\x00\x08\x00\x10\x00\x20\x00\x40\x00\x00\x00" + // U+FF97
	"\x00\x00\x42\x00\x42\x00\x42\x00\x42\x00\x42\x00\x42\x00\x42\x00\x42\x00\x04\x00\x04\x00\x08\x00\x08\x00\x10\x00\x60\x00\x00\x00" + // U+FF98
	"\x00\x00\x28\x00\x28\x00\x28\x00\x28\x00\x28\x00\x29\x00\x29\x00\x29\x00\x29\x00\x4a\x00\x4a\x00\x4c\x00\x88\x00\x00\x00\x00\x00" + // U+FF99
	"\x00\x00\x40\x00\x40\x00\x40\x00\x40\x00\x42\x00\x42\x00\x44\x00\x44\x00\x48\x00\x48\x00\x50\x00\x60\x00\x40\x00\x00\x00\x00\x00" + // U+FF9A
	"\x00\x00\xfe\x00\x82\x00\x82\x00\x82\x00\x82\x00\x82\x00\x82\x00\x82\x00\x82\x00\x82\x00\x82\x00\xfe\x00\x82\x00\x00\x00\x00\x00" + // U+FF9B
	"\x00\x00\xfe\x00\x82\x00\x82\x00\x82\x00\x82\x00\x82\x00\x04\x00\x04\x00\x04\x00\x08\x00\x08\x00\x10\x00\x20\x00\x40\x00\x00\x00" + // U+FF9C
	"\x00\x00\x00\x00\x80\x00\x42\x00\x22\x00\x22\x00\x04\x00\x04\x00\x04\x00\x08\x00\x08\x00\x10\x00\x20\x00\xc0\x00\x00\x00\x00\x00" + // U+FF9D
	"\x10\x00\x48\x00\x24\x00\x10\x00\x00\x00\x00\x00\x00\x00\x00\x00\x00\x00\x00\x00\x00\x00\x00\x00\x00\x00\x00\x00\x00\x00\x00\x00" + // U+FF9E
	"\x30\x00\x48\x00\x48\x00\x30\x00\x00\x00\x00\x00\x00\x00\x00\x00\x00\x00\x00\x00\x00\x00\x00\x00\x00\x00\x00\x00\x00\x00\x00\x00" + // U+FF9F
	"\x00\x00\x00\x00\x00\x10\x07\xe0\x08\x20\x10\x50\x10\x90\x11\x00\x11\x00\x12\x10\x14\x10\x0c\x20\x0f\xc0\x10\x00\x00\x00\x00\x00" + // U+FFE0
	"\x00\x00\x07\xe0\x08\x10\x10\x18\x10\x08\x10\x00\x08\x00\x3f\xc0\x08\x00\x08\x00\x08\x04\x08\x04\x10\x08\x3f\xf0\x00\x00\x00\x00" + // U+FFE1
	"\x00\x00\x00\x00\x00\x00\x00\x00\x00\x00\x00\x00\x3f\xf8\x00\x08\x00\x08\x00\x08\x00\x08\x00\x00\x00\x00\x00\x00\x00\x00\x00\x00" + // U+FFE2
	"\xff\xff\x00\x00\x00\x00\x00\x00\x00\x00\x00\x00\x00\x00\x00\x00\x00\x00\x00\x00\x00\x00\x00\x00\x00\x00\x00\x00\x00\x00\x00\x00" + // U+FFE3
	"\x00\x00\x20\x08\x10\x10\x08\x20\x08\x20\x04\x40\x02\x80\x3f\xf8\x01\x00\x01\x00\x3f\xf8\x01\x00\x01\x00\x01\x00\x00\x00\x00\x00" // U+FFE5
